Marca,Cor,Vendedor,Produto,Tags,Preço Original,Preço Pix,Preço Parcelado,Quantidade de Parcelas,Produto,Produto_limpo,Produto_sem_stopwords
Jorge Bischoff,Marrom,Dafiti,Bota Feminina Jorge Bischoff Cano Alto Marrom,"Calçados,Calçados Femininos,Botas,Bota Montaria e Cano Longo","R$ 1.199,00","R$ 589,99","R$ 627,65",10x,Bota Feminina Jorge Bischoff Cano Alto Marrom,bota feminina jorge bischoff cano alto marrom,bota feminina jorge bischoff cano alto marrom
Arezzo,Preto,Dafiti,Bota Feminina Arezzo Cano Baixo Preta,"Calçados,Calçados Femininos,Botas,Bota Cano Curto","R$ 599,90","R$ 563,90","R$ 599,89",10x,Bota Feminina Arezzo Cano Baixo Preta,bota feminina arezzo cano baixo preta,bota feminina arezzo cano baixo preta
Arezzo,Marrom,Dafiti,Bota Feminina Arezzo Cano Baixo Marrom,"Calçados,Calçados Femininos,Botas,Bota Cano Curto","R$ 599,90","R$ 563,90","R$ 599,89",10x,Bota Feminina Arezzo Cano Baixo Marrom,bota feminina arezzo cano baixo marrom,bota feminina arezzo cano baixo marrom
adidas Originals,Marrom,Dafiti,Tênis adidas Originals SL 72 OG Marrom,"Calçados,Calçados Femininos,Tênis,Tênis Casual","R$ 699,99","R$ 657,98","R$ 699,98",10x,Tênis adidas Originals SL 72 OG Marrom,tenis adidas originals sl 72 og marrom,tenis adidas originals sl 72 og marrom
adidas Originals,Preto,Dafiti,Tênis adidas Originals Superstar Slip On Preto,"Calçados,Calçados Femininos,Tênis,Slip On,Tênis Casual,Esporte,Esporte Feminino,Calçados,Tênis Performance","R$ 399,99","R$ 299,99","R$ 319,14",5x,Tênis adidas Originals Superstar Slip On Preto,tenis adidas originals superstar slip on preto,tenis adidas originals superstar slip on preto
Vans,Preto,Dafiti,Tênis Vans Wm Range Exp Preto,"Calçados,Calçados Femininos,Tênis,Tênis Casual,Esporte,Esporte Feminino,Calçados,Tênis Performance","R$ 599,99","R$ 299,99","R$ 319,14",5x,Tênis Vans Wm Range Exp Preto,tenis vans wm range exp preto,tenis vans wm range exp preto
Melissa,Marrom,Dafiti,Sandália Melissa Possession Marrom,"Calçados,Calçados Femininos,Sandálias","R$ 169,99","R$ 79,99","R$ 85,10",1x,Sandália Melissa Possession Marrom,sandalia melissa possession marrom,sandalia melissa possession marrom
New Balance,Branco,Dafiti,Tênis Feminino New Balance 530 Branco,"Calçados,Calçados Femininos,Tênis,Tênis Casual","R$ 749,99","R$ 704,98","R$ 749,98",10x,Tênis Feminino New Balance 530 Branco,tenis feminino new balance 530 branco,tenis feminino new balance 530 branco
Melissa,Off-white,Dafiti,Chinelo Melissa Logo Off-White,"Calçados,Calçados Femininos,Chinelos","R$ 69,90","R$ 34,99","R$ 37,22",1x,Chinelo Melissa Logo Off-White,chinelo melissa logo off white,chinelo melissa logo off white
Santa Lolla,Preto,Dafiti,Sapatilha Slingback Santa Lolla Preta,"Calçados,Calçados Femininos,Sapatilhas,Sapatilha Bico Fino","R$ 169,90","R$ 99,99","R$ 106,37",1x,Sapatilha Slingback Santa Lolla Preta,sapatilha slingback santa lolla preta,sapatilha slingback santa lolla preta
Melissa,Caramelo,Dafiti,Sandália Melissa Free Print Platform Ad Caramelo,"Calçados,Calçados Femininos,Tamanco","R$ 229,90","R$ 129,99","R$ 138,29",2x,Sandália Melissa Free Print Platform Ad Caramelo,sandalia melissa free print platform ad caramelo,sandalia melissa free print platform ad caramelo
Melissa,Rosa,Dafiti,Chinelo Melissa Sun Long Rosa,"Calçados,Calçados Femininos,Chinelos","R$ 69,90","R$ 34,99","R$ 37,22",1x,Chinelo Melissa Sun Long Rosa,chinelo melissa sun long rosa,chinelo melissa sun long rosa
Bebecê,Preto,Dafiti,Scarpin Feminino Bebecê Salto Bloco Bico...,"Calçados,Calçados Femininos,Scarpin","R$ 119,99","R$ 104,99","R$ 111,69",1x,Scarpin Feminino Bebecê Salto Bloco Bico...,scarpin feminino bebece salto bloco bico,scarpin feminino bebece salto bloco bico
Vizzano,Marrom,Dafiti,Rasteira Feminina Vizzano Detalhe Metálico Marrom,"Calçados,Calçados Femininos,Rasteirinhas","R$ 99,90","R$ 79,99","R$ 85,10",1x,Rasteira Feminina Vizzano Detalhe Metálico Marrom,rasteira feminina vizzano detalhe metalico marrom,rasteira feminina vizzano detalhe metalico marrom
Beira Rio,Marrom,Dafiti,Sandália Feminina Beira Rio Salto Bloco ...,"Calçados,Calçados Femininos,Sandálias,Sandália Salto Grosso","R$ 149,90","R$ 119,99","R$ 127,65",2x,Sandália Feminina Beira Rio Salto Bloco ...,sandalia feminina beira rio salto bloco,sandalia feminina beira rio salto bloco
Melissa,Preto,Dafiti,Chinelo Slide Melissa Sun Preto,"Calçados,Calçados Femininos,Chinelos","R$ 99,90","R$ 64,99","R$ 69,14",1x,Chinelo Slide Melissa Sun Preto,chinelo slide melissa sun preto,chinelo slide melissa sun preto
Santa Lolla,Nude,Dafiti,Sapatilha Feminina Santa Lolla Bico Fino...,"Calçados,Calçados Femininos,Sapatilhas,Sapatilha Bico Fino","R$ 169,90","R$ 89,99","R$ 95,73",1x,Sapatilha Feminina Santa Lolla Bico Fino...,sapatilha feminina santa lolla bico fino,sapatilha feminina santa lolla bico fino
Santa Lolla,Dourado,Dafiti,Sandália Feminina Santa Lolla Salto Quad...,"Calçados,Calçados Femininos,Sandálias","R$ 169,90","R$ 139,99","R$ 148,93",2x,Sandália Feminina Santa Lolla Salto Quad...,sandalia feminina santa lolla salto quad,sandalia feminina santa lolla salto quad
Santa Lolla,Branco,Dafiti,Tênis Slip On Santa Lolla Logo Branco,"Calçados,Calçados Femininos,Tênis,Slip On","R$ 139,99","R$ 104,99","R$ 111,69",1x,Tênis Slip On Santa Lolla Logo Branco,tenis slip on santa lolla logo branco,tenis slip on santa lolla logo branco
Vizzano,Bege,Dafiti,Scarpin Vizzano Salto Grosso Bege,"Calçados,Calçados Femininos,Scarpin","R$ 139,90","R$ 104,99","R$ 111,69",1x,Scarpin Vizzano Salto Grosso Bege,scarpin vizzano salto grosso bege,scarpin vizzano salto grosso bege
VIA UNO,Bege,Dafiti,Sapatilha Via Uno Matelassê Bege,"Calçados,Calçados Femininos,Sapatilhas,Sapatilha Bico Redondo","R$ 89,90","R$ 74,99","R$ 79,78",1x,Sapatilha Via Uno Matelassê Bege,sapatilha via uno matelasse bege,sapatilha via uno matelasse bege
Modare,Caramelo,Dafiti,Rasteira Feminina Modare Aberta Tiras Fi...,"Calçados,Calçados Femininos,Rasteirinhas","R$ 99,99","R$ 79,99","R$ 85,10",1x,Rasteira Feminina Modare Aberta Tiras Fi...,rasteira feminina modare aberta tiras fi,rasteira feminina modare aberta tiras fi
Bebecê,Vinho,Dafiti,Scarpin Bebecê Salto Baixo Vinho,"Calçados,Calçados Femininos,Scarpin","R$ 119,99","R$ 94,99","R$ 101,05",1x,Scarpin Bebecê Salto Baixo Vinho,scarpin bebece salto baixo vinho,scarpin bebece salto baixo vinho
Modare,Marrom,Dafiti,Scarpin Modare Corrente Marrom,"Calçados,Calçados Femininos,Scarpin","R$ 139,99","R$ 69,99","R$ 74,46",1x,Scarpin Modare Corrente Marrom,scarpin modare corrente marrom,scarpin modare corrente marrom
Vizzano,Preto,Dafiti,Sandália Feminina Vizzano Baixa Tiras Preta,"Calçados,Calçados Femininos,Sandálias,Sandália Salto Grosso","R$ 129,90","R$ 69,99","R$ 74,46",1x,Sandália Feminina Vizzano Baixa Tiras Preta,sandalia feminina vizzano baixa tiras preta,sandalia feminina vizzano baixa tiras preta
Vizzano,Preto,Dafiti,Tênis Vizzano Preto,"Calçados,Calçados Femininos,Tênis,Tênis Casual","R$ 149,99","R$ 109,99","R$ 117,01",1x,Tênis Vizzano Preto,tenis vizzano preto,tenis vizzano preto
Beira Rio,Marrom,Dafiti,Sandália Feminina Beira Rio Salto Bloco Marrom,"Calçados,Calçados Femininos,Sandálias,Sandália Salto Grosso","R$ 119,90","R$ 79,99","R$ 85,10",1x,Sandália Feminina Beira Rio Salto Bloco Marrom,sandalia feminina beira rio salto bloco marrom,sandalia feminina beira rio salto bloco marrom
Vizzano,Bege,Dafiti,Scarpin Vizzano Bico Fino Bege,"Calçados,Calçados Femininos,Scarpin","R$ 129,90","R$ 99,99","R$ 106,37",1x,Scarpin Vizzano Bico Fino Bege,scarpin vizzano bico fino bege,scarpin vizzano bico fino bege
Bebecê,Marrom,Dafiti,Scarpin Feminino Bebecê Bico Fino Marrom,"Calçados,Calçados Femininos,Scarpin","R$ 119,99","R$ 94,99","R$ 101,05",1x,Scarpin Feminino Bebecê Bico Fino Marrom,scarpin feminino bebece bico fino marrom,scarpin feminino bebece bico fino marrom
Modare,Preto,Dafiti,Mocassim Modare Bridão Preto,"Calçados,Calçados Femininos,Mocassim","R$ 119,99","R$ 84,99","R$ 90,41",1x,Mocassim Modare Bridão Preto,mocassim modare bridao preto,mocassim modare bridao preto
Coca Cola,Bege,Dafiti,Tênis Feminino Coca Cola Pingente Garrafa Bege,"Calçados,Calçados Femininos,Tênis,Tênis Casual","R$ 149,99","R$ 99,99","R$ 106,37",1x,Tênis Feminino Coca Cola Pingente Garrafa Bege,tenis feminino coca cola pingente garrafa bege,tenis feminino coca cola pingente garrafa bege
VIA UNO,Marrom,Dafiti,Sapatilha VIA UNO Croco Marrom,"Calçados,Calçados Femininos,Sapatilhas,Sapatilha Bico Fino","R$ 99,99","R$ 64,99","R$ 69,14",1x,Sapatilha VIA UNO Croco Marrom,sapatilha via uno croco marrom,sapatilha via uno croco marrom
Vizzano,Marrom,Dafiti,Sandália Feminina Vizzano Tiras Entrelaç...,"Calçados,Calçados Femininos,Sandálias","R$ 139,99","R$ 104,99","R$ 111,69",1x,Sandália Feminina Vizzano Tiras Entrelaç...,sandalia feminina vizzano tiras entrelac,sandalia feminina vizzano tiras entrelac
Modare,Off-white,Dafiti,Mocassim Tratorado Modare Aplicação Off-White,"Calçados,Calçados Femininos,Mocassim","R$ 139,99","R$ 64,99","R$ 69,14",1x,Mocassim Tratorado Modare Aplicação Off-White,mocassim tratorado modare aplicacao off white,mocassim tratorado modare aplicacao off white
Moleca,Nude,Dafiti,Rasteira Feminina Moleca Tiras Entrelaçadas Nude,"Calçados,Calçados Femininos,Rasteirinhas","R$ 69,90","R$ 44,99","R$ 47,86",1x,Rasteira Feminina Moleca Tiras Entrelaçadas Nude,rasteira feminina moleca tiras entrelacadas nude,rasteira feminina moleca tiras entrelacadas nude
Santa Lolla,Preto,Dafiti,Scarpin Santa Lolla Croco Preto,"Calçados,Calçados Femininos,Scarpin","R$ 259,99","R$ 219,99","R$ 234,03",3x,Scarpin Santa Lolla Croco Preto,scarpin santa lolla croco preto,scarpin santa lolla croco preto
Beira Rio,Preto,Dafiti,Sandália Beira Rio Fisherman Preta,"Calçados,Calçados Femininos,Sandálias,Sandália Salto Grosso","R$ 149,90","R$ 104,99","R$ 111,69",1x,Sandália Beira Rio Fisherman Preta,sandalia beira rio fisherman preta,sandalia beira rio fisherman preta
Vizzano,Nude,Dafiti,Scarpin Vizzano Salto Grosso Nude,"Calçados,Calçados Femininos,Scarpin","R$ 139,99","R$ 104,99","R$ 111,69",1x,Scarpin Vizzano Salto Grosso Nude,scarpin vizzano salto grosso nude,scarpin vizzano salto grosso nude
Bebecê,Vinho,Dafiti,Scarpin Feminino Bebecê Salto Alto Vinho,"Calçados,Calçados Femininos,Scarpin","R$ 129,99",,"R$ 129,99",2x,Scarpin Feminino Bebecê Salto Alto Vinho,scarpin feminino bebece salto alto vinho,scarpin feminino bebece salto alto vinho
Bebecê,Bege,Dafiti,Sapatilha Slingback Bebecê Tira Hotfix Bege,"Calçados,Calçados Femininos,Sapatilhas,Sapatilha Bico Fino","R$ 89,99","R$ 69,99","R$ 74,46",1x,Sapatilha Slingback Bebecê Tira Hotfix Bege,sapatilha slingback bebece tira hotfix bege,sapatilha slingback bebece tira hotfix bege
VIA UNO,Preto,Dafiti,Sapatilha Feminina VIA UNO Slingback Croco Preta,"Calçados,Calçados Femininos,Sapatilhas,Sapatilha Bico Fino","R$ 109,99",,"R$ 109,99",1x,Sapatilha Feminina VIA UNO Slingback Croco Preta,sapatilha feminina via uno slingback croco preta,sapatilha feminina via uno slingback croco preta
Jorge Bischoff,Off-white,Dafiti,Sapatilha Slingback Jorge Bischoff Lisa Off-White,"Calçados,Calçados Femininos,Sapatilhas,Sapatilha Bico Fino","R$ 449,00","R$ 189,99","R$ 202,12",3x,Sapatilha Slingback Jorge Bischoff Lisa Off-White,sapatilha slingback jorge bischoff lisa off white,sapatilha slingback jorge bischoff lisa off white
VIA UNO,Dourado,Dafiti,Sandália Feminina VIA UNO Anabela Metali...,"Calçados,Calçados Femininos,Sandálias","R$ 129,99","R$ 79,99","R$ 85,10",1x,Sandália Feminina VIA UNO Anabela Metali...,sandalia feminina via uno anabela metali,sandalia feminina via uno anabela metali
Santa Lolla,Preto,Dafiti,Sapatilha Santa Lolla Bico Fino Preta,"Calçados,Calçados Femininos,Sapatilhas,Sapatilha Bico Fino","R$ 249,99","R$ 144,99","R$ 154,24",2x,Sapatilha Santa Lolla Bico Fino Preta,sapatilha santa lolla bico fino preta,sapatilha santa lolla bico fino preta
Vizzano,Bege,Dafiti,Scarpin Vizzano Liso Bege,"Calçados,Calçados Femininos,Scarpin","R$ 129,99","R$ 99,99","R$ 106,37",1x,Scarpin Vizzano Liso Bege,scarpin vizzano liso bege,scarpin vizzano liso bege
Vizzano,Off-white,Dafiti,Scarpin Vizzano Slingback Off-White,"Calçados,Calçados Femininos,Scarpin","R$ 119,99","R$ 99,99","R$ 106,37",1x,Scarpin Vizzano Slingback Off-White,scarpin vizzano slingback off white,scarpin vizzano slingback off white
VIA UNO,Caramelo,Dafiti,Sandália Via Uno Liso Caramelo,"Calçados,Calçados Femininos,Sandálias,Sandália Salto Grosso","R$ 119,99","R$ 89,99","R$ 95,73",1x,Sandália Via Uno Liso Caramelo,sandalia via uno liso caramelo,sandalia via uno liso caramelo
VIA UNO,Caramelo,Dafiti,Sapatilha Via Uno Matelassê Caramelo,"Calçados,Calçados Femininos,Sapatilhas,Sapatilha Bico Redondo","R$ 99,99","R$ 74,99","R$ 79,78",1x,Sapatilha Via Uno Matelassê Caramelo,sapatilha via uno matelasse caramelo,sapatilha via uno matelasse caramelo
VIA UNO,Preto,Dafiti,Sandália Feminina VIA UNO Salto Baixo Preta,"Calçados,Calçados Femininos,Sandálias","R$ 129,99","R$ 89,99","R$ 95,73",1x,Sandália Feminina VIA UNO Salto Baixo Preta,sandalia feminina via uno salto baixo preta,sandalia feminina via uno salto baixo preta
Modare,Preto,Dafiti,Sapatilha Modare Recorte Preta,"Calçados,Calçados Femininos,Sapatilhas,Sapatilha Bico Redondo","R$ 99,90","R$ 94,99","R$ 94,99",1x,Sapatilha Modare Recorte Preta,sapatilha modare recorte preta,sapatilha modare recorte preta
VIA UNO,Dourado,Dafiti,Rasteirinha Via Uno Metalizada Dourada,"Calçados,Calçados Femininos,Rasteirinhas","R$ 69,99","R$ 44,99","R$ 47,86",1x,Rasteirinha Via Uno Metalizada Dourada,rasteirinha via uno metalizada dourada,rasteirinha via uno metalizada dourada
Bebecê,Caramelo,Dafiti,Sapatilha Bebecê Croco Caramelo,"Calçados,Calçados Femininos,Sapatilhas,Sapatilha Bico Fino","R$ 89,99","R$ 64,99","R$ 69,14",1x,Sapatilha Bebecê Croco Caramelo,sapatilha bebece croco caramelo,sapatilha bebece croco caramelo
Beira Rio,Preto,Dafiti,Sandália Beira Rio Recortes Preta,"Calçados,Calçados Femininos,Sandálias,Sandália Salto Grosso","R$ 114,99","R$ 89,99","R$ 95,73",1x,Sandália Beira Rio Recortes Preta,sandalia beira rio recortes preta,sandalia beira rio recortes preta
Santa Lolla,Off-white,Dafiti,Tênis Santa Lolla Recorte Off-White,"Calçados,Calçados Femininos,Tênis,Tênis Casual","R$ 229,90","R$ 169,99","R$ 180,84",3x,Tênis Santa Lolla Recorte Off-White,tenis santa lolla recorte off white,tenis santa lolla recorte off white
VIA UNO,Preto,Dafiti,Scarpin Feminino VIA UNO Salto Alto Tira...,"Calçados,Calçados Femininos,Scarpin","R$ 159,99","R$ 139,99","R$ 148,93",2x,Scarpin Feminino VIA UNO Salto Alto Tira...,scarpin feminino via uno salto alto tira,scarpin feminino via uno salto alto tira
VIA UNO,Marrom,Dafiti,Sandália VIA UNO Média Marrom,"Calçados,Calçados Femininos,Sandálias,Sandália Salto Grosso","R$ 129,99","R$ 89,99","R$ 95,73",1x,Sandália VIA UNO Média Marrom,sandalia via uno media marrom,sandalia via uno media marrom
Beira Rio,Marrom,Dafiti,Rasteira Fechada Feminino Beira Rio Apli...,"Calçados,Calçados Femininos,Rasteirinhas","R$ 109,99","R$ 79,99","R$ 85,10",1x,Rasteira Fechada Feminino Beira Rio Apli...,rasteira fechada feminino beira rio apli,rasteira fechada feminino beira rio apli
adidas Originals,Off-white,Dafiti,Tênis adidas Originals Samba OG Off-White,"Calçados,Calçados Femininos,Tênis,Tênis Casual","R$ 799,99","R$ 751,98","R$ 799,98",10x,Tênis adidas Originals Samba OG Off-White,tenis adidas originals samba og off white,tenis adidas originals samba og off white
Vizzano,Caramelo,Dafiti,Sapatilha Vizzano Bico Fino Caramelo,"Calçados,Calçados Femininos,Sapatilhas,Sapatilha Bico Fino","R$ 99,90","R$ 79,99","R$ 85,10",1x,Sapatilha Vizzano Bico Fino Caramelo,sapatilha vizzano bico fino caramelo,sapatilha vizzano bico fino caramelo
Bottero,Preto,Dafiti,Bota Bottero Cano Alto Salto Grosso Preta,"Calçados,Calçados Femininos,Botas,Bota Montaria e Cano Longo","R$ 429,99","R$ 369,99","R$ 393,61",6x,Bota Bottero Cano Alto Salto Grosso Preta,bota bottero cano alto salto grosso preta,bota bottero cano alto salto grosso preta
Bebecê,Preto,Dafiti,Sandália Feminina Bebecê Salto Bloco Preta,"Calçados,Calçados Femininos,Sandálias,Sandália Salto Grosso","R$ 109,99","R$ 89,99","R$ 95,73",1x,Sandália Feminina Bebecê Salto Bloco Preta,sandalia feminina bebece salto bloco preta,sandalia feminina bebece salto bloco preta
Moleca,Off-white,Dafiti,Rasteira Feminina Moleca Fechada Off-White,"Calçados,Calçados Femininos,Rasteirinhas","R$ 109,90","R$ 69,99","R$ 74,46",1x,Rasteira Feminina Moleca Fechada Off-White,rasteira feminina moleca fechada off white,rasteira feminina moleca fechada off white
VIA UNO,Caramelo,Dafiti,Tamanco Via Uno Lisa Caramelo,"Calçados,Calçados Femininos,Tamanco","R$ 119,99","R$ 89,99","R$ 95,73",1x,Tamanco Via Uno Lisa Caramelo,tamanco via uno lisa caramelo,tamanco via uno lisa caramelo
Kolosh,Bege,Dafiti,Tênis Kolosh Zíper e Strass Off-White,"Calçados,Calçados Femininos,Tênis,Tênis Casual","R$ 219,99","R$ 159,99","R$ 170,20",2x,Tênis Kolosh Zíper e Strass Off-White,tenis kolosh ziper e strass off white,tenis kolosh ziper strass off white
VIA UNO,Marrom,Dafiti,Sapatilha Feminina VIA UNO Bico Fino Marrom,"Calçados,Calçados Femininos,Sapatilhas,Sapatilha Bico Fino","R$ 89,99",,"R$ 89,99",1x,Sapatilha Feminina VIA UNO Bico Fino Marrom,sapatilha feminina via uno bico fino marrom,sapatilha feminina via uno bico fino marrom
Santa Lolla,Preto,Dafiti,Tênis Santa Lolla Recortes Preto,"Calçados,Calçados Femininos,Tênis,Tênis Casual","R$ 219,99","R$ 179,99","R$ 191,48",3x,Tênis Santa Lolla Recortes Preto,tenis santa lolla recortes preto,tenis santa lolla recortes preto
Vizzano,Preto,Dafiti,Scarpin Vizzano Liso Preto,"Calçados,Calçados Femininos,Scarpin","R$ 129,99","R$ 99,99","R$ 106,37",1x,Scarpin Vizzano Liso Preto,scarpin vizzano liso preto,scarpin vizzano liso preto
Santa Lolla,Marrom,Dafiti,Sapatilha Feminina Santa Lolla Ponta Fina Marrom,"Calçados,Calçados Femininos,Sapatilhas,Sapatilha Bico Redondo","R$ 249,90","R$ 199,99","R$ 212,76",3x,Sapatilha Feminina Santa Lolla Ponta Fina Marrom,sapatilha feminina santa lolla ponta fina marrom,sapatilha feminina santa lolla ponta fina marrom
Beira Rio,Preto,Dafiti,Scarpin Beira Rio Salto Agulha Preto,"Calçados,Calçados Femininos,Scarpin","R$ 139,90","R$ 104,99","R$ 111,69",1x,Scarpin Beira Rio Salto Agulha Preto,scarpin beira rio salto agulha preto,scarpin beira rio salto agulha preto
Vizzano,Nude,Dafiti,Sandália Vizzano Tiras Nude,"Calçados,Calçados Femininos,Sandálias,Sandália Salto Grosso","R$ 119,99","R$ 69,99","R$ 74,46",1x,Sandália Vizzano Tiras Nude,sandalia vizzano tiras nude,sandalia vizzano tiras nude
Colcci,Preto,Dafiti,Tênis Feminino Colcci Casual Preto,"Calçados,Calçados Femininos,Tênis,Tênis Casual","R$ 269,99","R$ 189,99","R$ 202,12",3x,Tênis Feminino Colcci Casual Preto,tenis feminino colcci casual preto,tenis feminino colcci casual preto
Vizzano,Marrom,Dafiti,Sandália Feminina Vizzano Salto Baixo Marrom,"Calçados,Calçados Femininos,Tamanco","R$ 109,99","R$ 79,99","R$ 85,10",1x,Sandália Feminina Vizzano Salto Baixo Marrom,sandalia feminina vizzano salto baixo marrom,sandalia feminina vizzano salto baixo marrom
Vizzano,Caramelo,Dafiti,Rasteira Vizzano Fivelas Caramelo,"Calçados,Calçados Femininos,Rasteirinhas","R$ 89,90","R$ 69,99","R$ 74,46",1x,Rasteira Vizzano Fivelas Caramelo,rasteira vizzano fivelas caramelo,rasteira vizzano fivelas caramelo
Moleca,Marrom,Dafiti,Rasteira Papete Moleca Lisa Marrom,"Calçados,Calçados Femininos,Papete","R$ 99,99","R$ 79,99","R$ 85,10",1x,Rasteira Papete Moleca Lisa Marrom,rasteira papete moleca lisa marrom,rasteira papete moleca lisa marrom
Anacapri,Grafite,Dafiti,Rasteira Feminina Anacapri Metalizada Grafite,"Calçados,Calçados Femininos,Rasteirinhas","R$ 109,99","R$ 79,99","R$ 85,10",1x,Rasteira Feminina Anacapri Metalizada Grafite,rasteira feminina anacapri metalizada grafite,rasteira feminina anacapri metalizada grafite
Bebecê,Dourado,Dafiti,Sandália Feminina Bebecê Salto Bloco Tir...,"Calçados,Calçados Femininos,Sandálias,Sandália Salto Grosso","R$ 99,99","R$ 79,99","R$ 85,10",1x,Sandália Feminina Bebecê Salto Bloco Tir...,sandalia feminina bebece salto bloco tir,sandalia feminina bebece salto bloco tir
Santa Lolla,Marrom,Dafiti,Sandália Feminina Santa Lolla Salto Bloco Marrom,"Calçados,Calçados Femininos,Sandálias,Sandália Salto Grosso","R$ 159,90","R$ 119,99","R$ 127,65",2x,Sandália Feminina Santa Lolla Salto Bloco Marrom,sandalia feminina santa lolla salto bloco marrom,sandalia feminina santa lolla salto bloco marrom
Bebecê,Vinho,Dafiti,Tamanco Bebecê Salto Bloco Vinho,"Calçados,Calçados Femininos,Tamanco","R$ 99,99","R$ 79,99","R$ 85,10",1x,Tamanco Bebecê Salto Bloco Vinho,tamanco bebece salto bloco vinho,tamanco bebece salto bloco vinho
VIA UNO,Preto,Dafiti,Rasteira Feminina Via Uno Tiras Pedrarias Preta,"Calçados,Calçados Femininos,Rasteirinhas","R$ 99,99","R$ 79,99","R$ 85,10",1x,Rasteira Feminina Via Uno Tiras Pedrarias Preta,rasteira feminina via uno tiras pedrarias preta,rasteira feminina via uno tiras pedrarias preta
VIA UNO,Dourado,Dafiti,Rasteira Feminina Via Uno Tira Trançada Dourado,"Calçados,Calçados Femininos,Rasteirinhas","R$ 119,99","R$ 99,99","R$ 106,37",1x,Rasteira Feminina Via Uno Tira Trançada Dourado,rasteira feminina via uno tira trancada dourado,rasteira feminina via uno tira trancada dourado
Bebecê,Nude,Dafiti,Scarpin Feminino Bebecê Tiras Salto Deta...,"Calçados,Calçados Femininos,Scarpin","R$ 129,99","R$ 99,99","R$ 106,37",1x,Scarpin Feminino Bebecê Tiras Salto Deta...,scarpin feminino bebece tiras salto deta,scarpin feminino bebece tiras salto deta
Bebecê,Marrom,Dafiti,Sandália Bebecê Lisa Marrom,"Calçados,Calçados Femininos,Sandálias,Sandália Salto Grosso","R$ 99,99","R$ 84,99","R$ 90,41",1x,Sandália Bebecê Lisa Marrom,sandalia bebece lisa marrom,sandalia bebece lisa marrom
Santa Lolla,Nude,Dafiti,Rasteira Santa Lolla Nó Nude,"Calçados,Calçados Femininos,Rasteirinhas","R$ 169,90","R$ 129,99","R$ 138,29",2x,Rasteira Santa Lolla Nó Nude,rasteira santa lolla no nude,rasteira santa lolla nude
Vizzano,Nude,Dafiti,Sapatilha Vizzano Bico Fino Nude,"Calçados,Calçados Femininos,Sapatilhas,Sapatilha Bico Fino","R$ 99,90","R$ 79,99","R$ 85,10",1x,Sapatilha Vizzano Bico Fino Nude,sapatilha vizzano bico fino nude,sapatilha vizzano bico fino nude
Melissa,Preto,Dafiti,Sandália Feminina Melissa Salto Baixo Tr...,"Calçados,Calçados Femininos,Sandálias","R$ 199,90","R$ 187,90","R$ 199,89",3x,Sandália Feminina Melissa Salto Baixo Tr...,sandalia feminina melissa salto baixo tr,sandalia feminina melissa salto baixo tr
Vizzano,Marrom,Dafiti,Sandália Feminina Vizzano Salto Bloco Ba...,"Calçados,Calçados Femininos,Sandálias","R$ 149,99","R$ 109,99","R$ 117,01",1x,Sandália Feminina Vizzano Salto Bloco Ba...,sandalia feminina vizzano salto bloco ba,sandalia feminina vizzano salto bloco ba
Bottero,Preto,Dafiti,Bota Bottero Fivela Preto,"Calçados,Calçados Femininos,Botas,Bota Cano Curto","R$ 279,99","R$ 154,99","R$ 164,88",2x,Bota Bottero Fivela Preto,bota bottero fivela preto,bota bottero fivela preto
Bebecê,Caramelo,Dafiti,Scarpin Bebecê Texturizado Croco Salto B...,"Calçados,Calçados Femininos,Scarpin","R$ 119,99","R$ 89,99","R$ 95,73",1x,Scarpin Bebecê Texturizado Croco Salto B...,scarpin bebece texturizado croco salto b,scarpin bebece texturizado croco salto b
Santa Lolla,Bege,Dafiti,Scarpin Santa Lolla Slingback Bege,"Calçados,Calçados Femininos,Scarpin","R$ 244,99","R$ 164,99","R$ 175,52",2x,Scarpin Santa Lolla Slingback Bege,scarpin santa lolla slingback bege,scarpin santa lolla slingback bege
VIA UNO,Preto,Dafiti,Bota Feminina VIA UNO Cano Baixo Salto Bloco Preta,"Calçados,Calçados Femininos,Botas,Bota Cano Curto","R$ 179,99","R$ 134,99","R$ 143,61",2x,Bota Feminina VIA UNO Cano Baixo Salto Bloco Preta,bota feminina via uno cano baixo salto bloco preta,bota feminina via uno cano baixo salto bloco preta
Vizzano,Preto,Dafiti,Sapatilha Vizzano Verniz Preta,"Calçados,Calçados Femininos,Sapatilhas,Sapatilha Bico Fino","R$ 99,90","R$ 84,99","R$ 90,41",1x,Sapatilha Vizzano Verniz Preta,sapatilha vizzano verniz preta,sapatilha vizzano verniz preta
Santa Lolla,Preto,Dafiti,Sandália Feminina Santa Lolla Salto Fino Preta,"Calçados,Calçados Femininos,Sandálias,Sandália Salto Fino","R$ 199,90","R$ 139,99","R$ 148,93",2x,Sandália Feminina Santa Lolla Salto Fino Preta,sandalia feminina santa lolla salto fino preta,sandalia feminina santa lolla salto fino preta
Bebecê,Caramelo,Dafiti,Sandália Bebecê Lisa Caramelo,"Calçados,Calçados Femininos,Sandálias,Sandália Salto Grosso","R$ 99,99","R$ 79,99","R$ 85,10",1x,Sandália Bebecê Lisa Caramelo,sandalia bebece lisa caramelo,sandalia bebece lisa caramelo
Santa Lolla,Bordô,Dafiti,Sandália Feminina Santa Lolla Tiras Esfe...,"Calçados,Calçados Femininos,Sandálias,Sandália Salto Grosso","R$ 169,90","R$ 124,99","R$ 132,97",2x,Sandália Feminina Santa Lolla Tiras Esfe...,sandalia feminina santa lolla tiras esfe,sandalia feminina santa lolla tiras esfe
Bebecê,Nude,Dafiti,Scarpin Médio Bebecê Slingback Nude,"Calçados,Calçados Femininos,Scarpin","R$ 119,99",,"R$ 119,99",2x,Scarpin Médio Bebecê Slingback Nude,scarpin medio bebece slingback nude,scarpin medio bebece slingback nude
Vizzano,Branco,Dafiti,Sandália Vizzano Salto Grosso Branca,"Calçados,Calçados Femininos,Sandálias,Sandália Salto Grosso","R$ 129,99","R$ 104,99","R$ 111,69",1x,Sandália Vizzano Salto Grosso Branca,sandalia vizzano salto grosso branca,sandalia vizzano salto grosso branca
Bebecê,Nude,Dafiti,Sapatilha Feminina Bebecê Bico Fino Nude,"Calçados,Calçados Femininos,Sapatilhas,Sapatilha Bico Fino","R$ 89,99","R$ 74,99","R$ 79,78",1x,Sapatilha Feminina Bebecê Bico Fino Nude,sapatilha feminina bebece bico fino nude,sapatilha feminina bebece bico fino nude
Jorge Bischoff,Nude,Dafiti,Scarpin Jorge Bischoff de Couro Recorte Nude,"Calçados,Calçados Femininos,Scarpin","R$ 549,00","R$ 259,99","R$ 276,59",4x,Scarpin Jorge Bischoff de Couro Recorte Nude,scarpin jorge bischoff de couro recorte nude,scarpin jorge bischoff couro recorte nude
Santa Lolla,Preto,Dafiti,Scarpin Santa Lolla Verniz Preto,"Calçados,Calçados Femininos,Scarpin","R$ 209,99",,"R$ 209,99",3x,Scarpin Santa Lolla Verniz Preto,scarpin santa lolla verniz preto,scarpin santa lolla verniz preto
Bebecê,Branco,Dafiti,Sandália Bebecê Bloco Branca,"Calçados,Calçados Femininos,Sandálias,Sandália Salto Grosso","R$ 99,99","R$ 89,99","R$ 95,73",1x,Sandália Bebecê Bloco Branca,sandalia bebece bloco branca,sandalia bebece bloco branca
Bebecê,Preto,Dafiti,Scarpin Feminino Bebecê Salto Médio Bico...,"Calçados,Calçados Femininos,Scarpin","R$ 129,99","R$ 99,99","R$ 106,37",1x,Scarpin Feminino Bebecê Salto Médio Bico...,scarpin feminino bebece salto medio bico,scarpin feminino bebece salto medio bico
Vizzano,Marrom,Dafiti,Sandália Feminina Vizzano Salto Bloco Caramelo,"Calçados,Calçados Femininos,Sandálias","R$ 139,99","R$ 104,99","R$ 111,69",1x,Sandália Feminina Vizzano Salto Bloco Caramelo,sandalia feminina vizzano salto bloco caramelo,sandalia feminina vizzano salto bloco caramelo
Puma,Rosa,Dafiti,Tênis Puma Palermo Rosa,"Calçados,Calçados Femininos,Tênis,Tênis Casual","R$ 549,99","R$ 339,99","R$ 361,69",6x,Tênis Puma Palermo Rosa,tenis puma palermo rosa,tenis puma palermo rosa
Bebecê,Marrom,Dafiti,Bota Feminina Bebecê Cano Alto Marrom,"Calçados,Calçados Femininos,Botas,Bota Montaria e Cano Longo","R$ 299,99","R$ 219,99","R$ 234,03",3x,Bota Feminina Bebecê Cano Alto Marrom,bota feminina bebece cano alto marrom,bota feminina bebece cano alto marrom
Moleca,Caramelo,Dafiti,Rasteira Papete Moleca Tachas Caramelo,"Calçados,Calçados Femininos,Papete","R$ 139,90","R$ 89,99","R$ 95,73",1x,Rasteira Papete Moleca Tachas Caramelo,rasteira papete moleca tachas caramelo,rasteira papete moleca tachas caramelo
Bebecê,Preto,Dafiti,Sapatilha Feminina Bebecê Bico Fino Preta,"Calçados,Calçados Femininos,Sapatilhas,Sapatilha Bico Fino","R$ 89,99","R$ 79,99","R$ 85,10",1x,Sapatilha Feminina Bebecê Bico Fino Preta,sapatilha feminina bebece bico fino preta,sapatilha feminina bebece bico fino preta
Jorge Bischoff,Dourado,Dafiti,Sapatilha Feminina Jorge Bischoff Metali...,"Calçados,Calçados Femininos,Sapatilhas,Sapatilha Bico Redondo","R$ 449,00","R$ 169,99","R$ 180,84",3x,Sapatilha Feminina Jorge Bischoff Metali...,sapatilha feminina jorge bischoff metali,sapatilha feminina jorge bischoff metali
Vizzano,Marrom,Dafiti,Scarpin Feminino Vizzano Salto Bloco Bic...,"Calçados,Calçados Femininos,Scarpin","R$ 139,90","R$ 109,99","R$ 117,01",1x,Scarpin Feminino Vizzano Salto Bloco Bic...,scarpin feminino vizzano salto bloco bic,scarpin feminino vizzano salto bloco bic
New Balance,Branco,Dafiti,Tênis Unissex New Balance 740 Branco,"Calçados,Calçados Femininos,Tênis,Tênis Casual,Calçados Masculinos,Tênis,Tênis Casual","R$ 749,99","R$ 704,98","R$ 749,98",10x,Tênis Unissex New Balance 740 Branco,tenis unissex new balance 740 branco,tenis unissex new balance 740 branco
Santa Lolla,Preto,Dafiti,Sandália Feminina Santa Lolla Salto Médi...,"Calçados,Calçados Femininos,Sandálias,Sandália Salto Grosso","R$ 199,90","R$ 139,99","R$ 148,93",2x,Sandália Feminina Santa Lolla Salto Médi...,sandalia feminina santa lolla salto medi,sandalia feminina santa lolla salto medi
Comfortflex,Preto,Dafiti,Bota Feminina Comfortflex Cano Baixo Preta,"Calçados,Calçados Femininos,Botas,Bota Cano Curto","R$ 209,99","R$ 189,99","R$ 202,12",3x,Bota Feminina Comfortflex Cano Baixo Preta,bota feminina comfortflex cano baixo preta,bota feminina comfortflex cano baixo preta
VIA UNO,Off-white,Dafiti,Sapatilha Feminina VIA UNO Detalhe Fivel...,"Calçados,Calçados Femininos,Sapatilhas,Sapatilha Bico Redondo","R$ 109,99",,"R$ 109,99",1x,Sapatilha Feminina VIA UNO Detalhe Fivel...,sapatilha feminina via uno detalhe fivel,sapatilha feminina via uno detalhe fivel
Jorge Bischoff,Azul,Dafiti,Scarpin Jorge Bischoff Aplicação Azul,"Calçados,Calçados Femininos,Scarpin","R$ 589,00","R$ 299,99","R$ 319,14",5x,Scarpin Jorge Bischoff Aplicação Azul,scarpin jorge bischoff aplicacao azul,scarpin jorge bischoff aplicacao azul
VIA UNO,Dourado,Dafiti,Sapatilha Via Uno Metalizada Dourada,"Calçados,Calçados Femininos,Sapatilhas,Sapatilha Bico Redondo","R$ 99,99","R$ 69,99","R$ 74,46",1x,Sapatilha Via Uno Metalizada Dourada,sapatilha via uno metalizada dourada,sapatilha via uno metalizada dourada
Santa Lolla,Preto,Dafiti,Bota Santa Lolla Cano Baixo Recortes Preta,"Calçados,Calçados Femininos,Bota Cano Curto","R$ 299,90","R$ 229,99","R$ 244,67",4x,Bota Santa Lolla Cano Baixo Recortes Preta,bota santa lolla cano baixo recortes preta,bota santa lolla cano baixo recortes preta
Santa Lolla,Bege,Dafiti,Scarpin Santa Lolla Liso Bege,"Calçados,Calçados Femininos,Scarpin","R$ 229,90","R$ 174,99","R$ 186,16",3x,Scarpin Santa Lolla Liso Bege,scarpin santa lolla liso bege,scarpin santa lolla liso bege
adidas Originals,Preto,Dafiti,Tênis Unissex adidas Originals Samba Lt Preto,"Calçados,Calçados Femininos,Tênis,Tênis Casual,Calçados Masculinos,Tênis,Tênis Casual","R$ 799,99","R$ 479,99","R$ 510,63",8x,Tênis Unissex adidas Originals Samba Lt Preto,tenis unissex adidas originals samba lt preto,tenis unissex adidas originals samba lt preto
Santa Lolla,Vinho,Dafiti,Sandália Feminina Santa Lolla Salto Alto...,"Calçados,Calçados Femininos,Sandálias,Sandália Salto Fino","R$ 189,90","R$ 149,99","R$ 159,56",2x,Sandália Feminina Santa Lolla Salto Alto...,sandalia feminina santa lolla salto alto,sandalia feminina santa lolla salto alto
Modare,Preto,Dafiti,Sandália Modare Recorte Preta,"Calçados,Calçados Femininos,Sandálias,Sandália Salto Grosso","R$ 129,99","R$ 104,99","R$ 111,69",1x,Sandália Modare Recorte Preta,sandalia modare recorte preta,sandalia modare recorte preta
VIA UNO,Off-white,Dafiti,Sapatilha Via Uno Matelassê Off-White,"Calçados,Calçados Femininos,Sapatilhas,Sapatilha Bico Redondo","R$ 99,99","R$ 84,99","R$ 90,41",1x,Sapatilha Via Uno Matelassê Off-White,sapatilha via uno matelasse off white,sapatilha via uno matelasse off white
Bebecê,Preto,Dafiti,Sapatilha Feminina Becece Ponta Fina Preta,"Calçados,Calçados Femininos,Sapatilhas,Sapatilha Bico Fino","R$ 89,99","R$ 69,99","R$ 74,46",1x,Sapatilha Feminina Becece Ponta Fina Preta,sapatilha feminina becece ponta fina preta,sapatilha feminina becece ponta fina preta
Vizzano,Preto,Dafiti,Sandália Feminina Vizzano Maxi Fivela Preta,"Calçados,Calçados Femininos,Sandálias,Sandália Salto Grosso","R$ 139,99","R$ 89,99","R$ 95,73",1x,Sandália Feminina Vizzano Maxi Fivela Preta,sandalia feminina vizzano maxi fivela preta,sandalia feminina vizzano maxi fivela preta
Santa Lolla,Off-white,Dafiti,Sandália Santa Lolla Tiras Off-White,"Calçados,Calçados Femininos,Sandálias,Sandália Salto Fino","R$ 294,99","R$ 189,99","R$ 202,12",3x,Sandália Santa Lolla Tiras Off-White,sandalia santa lolla tiras off white,sandalia santa lolla tiras off white
Vizzano,Verde,Dafiti,Rasteira Feminina Vizzano Aberta Verde,"Calçados,Calçados Femininos,Rasteirinhas","R$ 79,90","R$ 54,99","R$ 58,50",1x,Rasteira Feminina Vizzano Aberta Verde,rasteira feminina vizzano aberta verde,rasteira feminina vizzano aberta verde
Jorge Bischoff,Preto,Dafiti,Bota Jorge Bischoff Cano Baixo de Couro ...,"Calçados,Calçados Femininos,Bota Cano Curto","R$ 699,00","R$ 369,99","R$ 393,61",6x,Bota Jorge Bischoff Cano Baixo de Couro ...,bota jorge bischoff cano baixo de couro,bota jorge bischoff cano baixo couro
Santa Lolla,Bordô,Dafiti,Scarpin Santa Lolla Salto Slingback Verniz Bordô,"Calçados,Calçados Femininos,Scarpin","R$ 209,99","R$ 159,99","R$ 170,20",2x,Scarpin Santa Lolla Salto Slingback Verniz Bordô,scarpin santa lolla salto slingback verniz bordo,scarpin santa lolla salto slingback verniz bordo
Arezzo,Dourado,Dafiti,Rasteira Feminina Arezzo Tiras Finas Dourada,"Calçados,Calçados Femininos,Rasteirinhas","R$ 149,90","R$ 109,99","R$ 117,01",1x,Rasteira Feminina Arezzo Tiras Finas Dourada,rasteira feminina arezzo tiras finas dourada,rasteira feminina arezzo tiras finas dourada
Bebecê,Preto,Dafiti,Sandália Feminina Bebecê Salto Bloco Bic...,"Calçados,Calçados Femininos,Sandálias","R$ 109,99","R$ 64,99","R$ 69,14",1x,Sandália Feminina Bebecê Salto Bloco Bic...,sandalia feminina bebece salto bloco bic,sandalia feminina bebece salto bloco bic
Beira Rio,Bege,Dafiti,Rasteira Feminina Beira Rio Tiras Cruzadas Bege,"Calçados,Calçados Femininos,Rasteirinhas","R$ 49,99","R$ 34,99","R$ 37,22",1x,Rasteira Feminina Beira Rio Tiras Cruzadas Bege,rasteira feminina beira rio tiras cruzadas bege,rasteira feminina beira rio tiras cruzadas bege
VIA UNO,Marrom,Dafiti,Scarpin Feminino Via Uno Salto Grosso Bi...,"Calçados,Calçados Femininos,Scarpin","R$ 119,99","R$ 59,99","R$ 63,82",1x,Scarpin Feminino Via Uno Salto Grosso Bi...,scarpin feminino via uno salto grosso bi,scarpin feminino via uno salto grosso bi
Dakota,Preto,Dafiti,Bota Dakota Cano Curto Preta,"Calçados,Calçados Femininos,Botas,Bota Cano Curto","R$ 329,99","R$ 159,99","R$ 170,20",2x,Bota Dakota Cano Curto Preta,bota dakota cano curto preta,bota dakota cano curto preta
Usaflex,Preto,Dafiti,Sandália Feminina Usaflex Anabela Baixa Preta,"Calçados,Calçados Femininos,Sandálias","R$ 189,99","R$ 99,99","R$ 106,37",1x,Sandália Feminina Usaflex Anabela Baixa Preta,sandalia feminina usaflex anabela baixa preta,sandalia feminina usaflex anabela baixa preta
Bottero,Nude,Dafiti,Sapatilha Feminina Bottero Bico Fino Nude,"Calçados,Calçados Femininos,Sapatilhas,Sapatilha Bico Fino","R$ 199,99","R$ 139,99","R$ 148,93",2x,Sapatilha Feminina Bottero Bico Fino Nude,sapatilha feminina bottero bico fino nude,sapatilha feminina bottero bico fino nude
Vizzano,Preto,Dafiti,Sandália Feminina Vizzano Animal Print Preta,"Calçados,Calçados Femininos,Sandálias,Sandália Salto Grosso","R$ 129,99","R$ 89,99","R$ 95,73",1x,Sandália Feminina Vizzano Animal Print Preta,sandalia feminina vizzano animal print preta,sandalia feminina vizzano animal print preta
Vizzano,Caramelo,Dafiti,Mocassim Vizzano Clássico Caramelo,"Calçados,Calçados Femininos,Mocassim","R$ 129,90","R$ 74,99","R$ 79,78",1x,Mocassim Vizzano Clássico Caramelo,mocassim vizzano classico caramelo,mocassim vizzano classico caramelo
Santa Lolla,Branco,Dafiti,Tênis Slip On Flatform Santa Lolla Liso Branco,"Calçados,Calçados Femininos,Tênis,Slip On","R$ 159,99","R$ 119,99","R$ 127,65",2x,Tênis Slip On Flatform Santa Lolla Liso Branco,tenis slip on flatform santa lolla liso branco,tenis slip on flatform santa lolla liso branco
Vizzano,Preto,Dafiti,Tamanco Vizzano Liso Preto,"Calçados,Calçados Femininos,Tamanco","R$ 94,99","R$ 79,99","R$ 85,10",1x,Tamanco Vizzano Liso Preto,tamanco vizzano liso preto,tamanco vizzano liso preto
VIA UNO,Preto,Dafiti,Bota Via Uno Cano Baixo Aplicação Preta,"Calçados,Calçados Femininos,Botas,Bota Cano Curto","R$ 219,99","R$ 174,99","R$ 186,16",3x,Bota Via Uno Cano Baixo Aplicação Preta,bota via uno cano baixo aplicacao preta,bota via uno cano baixo aplicacao preta
Ramarim,Verde,Dafiti,Tênis Ramarim Recortes Verde,"Calçados,Calçados Femininos,Tênis,Tênis Casual","R$ 299,90","R$ 199,99","R$ 212,76",3x,Tênis Ramarim Recortes Verde,tenis ramarim recortes verde,tenis ramarim recortes verde
Beira Rio,Preto,Dafiti,Bota Beira Rio Cano Baixo Preto,"Calçados,Calçados Femininos,Botas,Bota Cano Curto","R$ 219,99","R$ 169,99","R$ 180,84",3x,Bota Beira Rio Cano Baixo Preto,bota beira rio cano baixo preto,bota beira rio cano baixo preto
Vizzano,Marrom,Dafiti,Tênis Vizzano Recorte Lateral Marrom,"Calçados,Calçados Femininos,Tênis,Tênis Casual","R$ 149,99","R$ 89,99","R$ 95,73",1x,Tênis Vizzano Recorte Lateral Marrom,tenis vizzano recorte lateral marrom,tenis vizzano recorte lateral marrom
Bebecê,Branco,Dafiti,Sapato Feminino Bebecê Salto Bloco Tiras Branco,"Calçados,Calçados Femininos,Scarpin","R$ 129,99",,"R$ 129,99",2x,Sapato Feminino Bebecê Salto Bloco Tiras Branco,sapato feminino bebece salto bloco tiras branco,sapato feminino bebece salto bloco tiras branco
VIA UNO,Marrom,Dafiti,Sandália Feminina VIA UNO Salto Baixo Marrom,"Calçados,Calçados Femininos,Sandálias","R$ 129,99","R$ 94,99","R$ 101,05",1x,Sandália Feminina VIA UNO Salto Baixo Marrom,sandalia feminina via uno salto baixo marrom,sandalia feminina via uno salto baixo marrom
Vizzano,Marrom,Dafiti,Tênis Feminino Vizzano Slip On Marrom,"Calçados,Calçados Femininos,Tênis,Tênis Casual","R$ 149,99","R$ 109,99","R$ 117,01",1x,Tênis Feminino Vizzano Slip On Marrom,tenis feminino vizzano slip on marrom,tenis feminino vizzano slip on marrom
VIA UNO,Marrom,Dafiti,Sandália Via Uno Marrom,"Calçados,Calçados Femininos,Sandálias,Sandália Salto Grosso","R$ 109,99","R$ 69,99","R$ 74,46",1x,Sandália Via Uno Marrom,sandalia via uno marrom,sandalia via uno marrom
Vizzano,Marrom,Dafiti,Sandália Feminina Vizzano Salto Médio Bl...,"Calçados,Calçados Femininos,Sandálias","R$ 139,90","R$ 104,99","R$ 111,69",1x,Sandália Feminina Vizzano Salto Médio Bl...,sandalia feminina vizzano salto medio bl,sandalia feminina vizzano salto medio bl
Santa Lolla,Rosa,Dafiti,Rasteira Feminina Santa Lolla Tiras Entr...,"Calçados,Calçados Femininos,Rasteirinhas","R$ 129,90","R$ 99,99","R$ 106,37",1x,Rasteira Feminina Santa Lolla Tiras Entr...,rasteira feminina santa lolla tiras entr,rasteira feminina santa lolla tiras entr
Fila,Bege,Dafiti,Tênis Feminino Fila Racer Speedzone Manu...,"Calçados,Calçados Femininos,Tênis,Tênis Casual","R$ 699,99","R$ 657,98","R$ 699,98",10x,Tênis Feminino Fila Racer Speedzone Manu...,tenis feminino fila racer speedzone manu,tenis feminino fila racer speedzone manu
Santa Lolla,Vinho,Dafiti,Sandália Feminina Santa Lolla Salto Médio Vinho,"Calçados,Calçados Femininos,Sandálias,Sandália Salto Grosso","R$ 219,90","R$ 149,99","R$ 159,56",2x,Sandália Feminina Santa Lolla Salto Médio Vinho,sandalia feminina santa lolla salto medio vinho,sandalia feminina santa lolla salto medio vinho
Santa Lolla,Prata,Dafiti,Sandália Santa Lolla Metalizada Prata,"Calçados,Calçados Femininos,Sandálias,Sandália Salto Fino","R$ 189,90","R$ 169,99","R$ 180,84",3x,Sandália Santa Lolla Metalizada Prata,sandalia santa lolla metalizada prata,sandalia santa lolla metalizada prata
Dakota,Off-white,Dafiti,Scarpin Feminino Dakota Vazado Slingback Off-white,"Calçados,Calçados Femininos,Scarpin","R$ 219,99","R$ 129,99","R$ 138,29",2x,Scarpin Feminino Dakota Vazado Slingback Off-white,scarpin feminino dakota vazado slingback off white,scarpin feminino dakota vazado slingback off white
Modare,Nude,Dafiti,Sandália Modare Salto grosso Nude,"Calçados,Calçados Femininos,Sandálias,Sandália Salto Grosso","R$ 129,99","R$ 89,99","R$ 95,73",1x,Sandália Modare Salto grosso Nude,sandalia modare salto grosso nude,sandalia modare salto grosso nude
Bebecê,Caramelo,Dafiti,Mocassim Feminino Bebecê Croco Caramelo,"Calçados,Calçados Femininos,Mocassim","R$ 79,99","R$ 54,99","R$ 58,50",1x,Mocassim Feminino Bebecê Croco Caramelo,mocassim feminino bebece croco caramelo,mocassim feminino bebece croco caramelo
Santa Lolla,Off-white,Dafiti,Rasteira Feminina Santa Lolla Tiras Off-White,"Calçados,Calçados Femininos,Rasteirinhas","R$ 189,90","R$ 129,99","R$ 138,29",2x,Rasteira Feminina Santa Lolla Tiras Off-White,rasteira feminina santa lolla tiras off white,rasteira feminina santa lolla tiras off white
Jorge Bischoff,Off-white,Dafiti,Scarpin Jorge Bischoff de Couro Aplicaçã...,"Calçados,Calçados Femininos,Scarpin","R$ 589,00","R$ 299,99","R$ 319,14",5x,Scarpin Jorge Bischoff de Couro Aplicaçã...,scarpin jorge bischoff de couro aplicaca,scarpin jorge bischoff couro aplicaca
Modare,Preto,Dafiti,Sapatilha Modare Ponta Verniz Preta,"Calçados,Calçados Femininos,Sapatilhas,Sapatilha Bico Fino","R$ 109,99","R$ 89,99","R$ 95,73",1x,Sapatilha Modare Ponta Verniz Preta,sapatilha modare ponta verniz preta,sapatilha modare ponta verniz preta
Vizzano,Preto,Dafiti,Bota Feminina Vizzano Salto Alto Cano Curto Preta,"Calçados,Calçados Femininos,Botas,Bota Cano Curto","R$ 219,90","R$ 169,99","R$ 180,84",3x,Bota Feminina Vizzano Salto Alto Cano Curto Preta,bota feminina vizzano salto alto cano curto preta,bota feminina vizzano salto alto cano curto preta
Vizzano,Prata,Dafiti,Sandália Feminina Vizzano Salto Bloco Prata,"Calçados,Calçados Femininos,Sandálias,Sandália Salto Grosso","R$ 129,99","R$ 99,99","R$ 106,37",1x,Sandália Feminina Vizzano Salto Bloco Prata,sandalia feminina vizzano salto bloco prata,sandalia feminina vizzano salto bloco prata
Kolosh,Off-white,Dafiti,Tênis Kolosh Recorte Matelassê Off-White,"Calçados,Calçados Femininos,Tênis,Tênis Casual","R$ 199,99","R$ 149,99","R$ 159,56",2x,Tênis Kolosh Recorte Matelassê Off-White,tenis kolosh recorte matelasse off white,tenis kolosh recorte matelasse off white
Modare,Marrom,Dafiti,Rasteira Feminina Modare Fechada Marrom,"Calçados,Calçados Femininos,Rasteirinhas","R$ 129,90","R$ 99,99","R$ 106,37",1x,Rasteira Feminina Modare Fechada Marrom,rasteira feminina modare fechada marrom,rasteira feminina modare fechada marrom
Bebecê,Marrom,Dafiti,Scarpin Feminino Bebecê Tira em T Marrom,"Calçados,Calçados Femininos,Scarpin","R$ 119,99","R$ 89,99","R$ 95,73",1x,Scarpin Feminino Bebecê Tira em T Marrom,scarpin feminino bebece tira em t marrom,scarpin feminino bebece tira t marrom
Jorge Bischoff,Preto,Dafiti,Bota Bottero Cano Baixo Texturizada Preta,"Calçados,Calçados Femininos,Botas,Bota Cano Curto","R$ 649,00","R$ 339,99","R$ 361,69",6x,Bota Bottero Cano Baixo Texturizada Preta,bota bottero cano baixo texturizada preta,bota bottero cano baixo texturizada preta
Via Marte,Preto,Dafiti,Tênis Via Marte Nobuck Preto,"Calçados,Calçados Femininos,Tênis,Tênis Casual","R$ 199,99","R$ 139,99","R$ 148,93",2x,Tênis Via Marte Nobuck Preto,tenis via marte nobuck preto,tenis via marte nobuck preto
Santa Lolla,Preto,Dafiti,Sandália Feminina Santa Lolla Salto Médio Preta,"Calçados,Calçados Femininos,Sandálias","R$ 229,90","R$ 169,99","R$ 180,84",3x,Sandália Feminina Santa Lolla Salto Médio Preta,sandalia feminina santa lolla salto medio preta,sandalia feminina santa lolla salto medio preta
Bebecê,Marrom,Dafiti,Bota Feminina Bebecê Cano Baixo Salto Qu...,"Calçados,Calçados Femininos,Botas,Bota Cano Curto","R$ 229,99","R$ 159,99","R$ 170,20",2x,Bota Feminina Bebecê Cano Baixo Salto Qu...,bota feminina bebece cano baixo salto qu,bota feminina bebece cano baixo salto qu
Beira Rio,Marrom,Dafiti,Sandália Beira Rio Aplicação Marrom,"Calçados,Calçados Femininos,Sandálias,Sandália Salto Grosso","R$ 129,90","R$ 104,99","R$ 111,69",1x,Sandália Beira Rio Aplicação Marrom,sandalia beira rio aplicacao marrom,sandalia beira rio aplicacao marrom
Vizzano,Bege,Dafiti,Rasteira Feminina Vizzano Tiras Tramadas Bege,"Calçados,Calçados Femininos,Rasteirinhas","R$ 149,90","R$ 109,99","R$ 117,01",1x,Rasteira Feminina Vizzano Tiras Tramadas Bege,rasteira feminina vizzano tiras tramadas bege,rasteira feminina vizzano tiras tramadas bege
Vizzano,Vermelho,Dafiti,Scarpin Vizzano Liso Vermelho,"Calçados,Calçados Femininos,Scarpin","R$ 129,90","R$ 114,99","R$ 122,33",2x,Scarpin Vizzano Liso Vermelho,scarpin vizzano liso vermelho,scarpin vizzano liso vermelho
Dakota,Preto,Dafiti,Bota Dakota Cano Baixo Matelassê Preta,"Calçados,Calçados Femininos,Botas,Bota Cano Curto","R$ 199,99","R$ 129,99","R$ 138,29",2x,Bota Dakota Cano Baixo Matelassê Preta,bota dakota cano baixo matelasse preta,bota dakota cano baixo matelasse preta
Moleca,Off-white,Dafiti,Sapatilha Moleca Laço Sintético Off White,"Calçados,Calçados Femininos,Sapatilhas,Sapatilha Bico Fino","R$ 109,99","R$ 99,99","R$ 106,37",1x,Sapatilha Moleca Laço Sintético Off White,sapatilha moleca laco sintetico off white,sapatilha moleca laco sintetico off white
Modare,Preto,Dafiti,Mocassim Tratorado Modare Bridão Preto,"Calçados,Calçados Femininos,Mocassim","R$ 139,90","R$ 99,99","R$ 106,37",1x,Mocassim Tratorado Modare Bridão Preto,mocassim tratorado modare bridao preto,mocassim tratorado modare bridao preto
Vizzano,Marrom,Dafiti,Sandália Feminina Vizzano Salto Bloco Ti...,"Calçados,Calçados Femininos,Sandálias","R$ 149,99","R$ 99,99","R$ 106,37",1x,Sandália Feminina Vizzano Salto Bloco Ti...,sandalia feminina vizzano salto bloco ti,sandalia feminina vizzano salto bloco ti
Bebecê,Bege,Dafiti,Sapatilha Feminina Becece Ponta Fina Bege,"Calçados,Calçados Femininos,Sapatilhas,Sapatilha Bico Fino","R$ 99,99",,"R$ 99,99",1x,Sapatilha Feminina Becece Ponta Fina Bege,sapatilha feminina becece ponta fina bege,sapatilha feminina becece ponta fina bege
Modare,Bege,Dafiti,Sapatilha Modare Recorte Bege,"Calçados,Calçados Femininos,Sapatilhas,Sapatilha Bico Redondo","R$ 99,90",,"R$ 99,90",1x,Sapatilha Modare Recorte Bege,sapatilha modare recorte bege,sapatilha modare recorte bege
Vizzano,Caramelo,Dafiti,Scarpin Feminino Vizzano Salto Baixo Cor...,"Calçados,Calçados Femininos,Scarpin","R$ 159,90","R$ 119,99","R$ 127,65",2x,Scarpin Feminino Vizzano Salto Baixo Cor...,scarpin feminino vizzano salto baixo cor,scarpin feminino vizzano salto baixo cor
Jorge Bischoff,Preto,Dafiti,Scarpin Jorge Bischoff Bico Fino Preto,"Calçados,Calçados Femininos,Scarpin","R$ 549,00","R$ 394,99","R$ 420,20",7x,Scarpin Jorge Bischoff Bico Fino Preto,scarpin jorge bischoff bico fino preto,scarpin jorge bischoff bico fino preto
Santa Lolla,Bege,Dafiti,Scarpin Feminino Santa Lolla Slingback B...,"Calçados,Calçados Femininos,Scarpin","R$ 249,90","R$ 189,99","R$ 202,12",3x,Scarpin Feminino Santa Lolla Slingback B...,scarpin feminino santa lolla slingback b,scarpin feminino santa lolla slingback b
Moleca,Off-white,Dafiti,Sapatilha Feminina Moleca Laço Off-White,"Calçados,Calçados Femininos,Sapatilhas,Sapatilha Bico Redondo","R$ 69,90","R$ 49,99","R$ 53,18",1x,Sapatilha Feminina Moleca Laço Off-White,sapatilha feminina moleca laco off white,sapatilha feminina moleca laco off white
Jorge Bischoff,Preto,Dafiti,Sapatilha Jorge Bischoff Slingback Preto,"Calçados,Calçados Femininos,Sapatilhas,Sapatilha Bico Fino","R$ 379,00","R$ 199,99","R$ 212,76",3x,Sapatilha Jorge Bischoff Slingback Preto,sapatilha jorge bischoff slingback preto,sapatilha jorge bischoff slingback preto
Bebecê,Marrom,Dafiti,Sapatilha Slingback Bebecê Ajuste Marrom,"Calçados,Calçados Femininos,Sapatilhas,Sapatilha Bico Fino","R$ 89,99","R$ 69,99","R$ 74,46",1x,Sapatilha Slingback Bebecê Ajuste Marrom,sapatilha slingback bebece ajuste marrom,sapatilha slingback bebece ajuste marrom
Usaflex,Bege,Dafiti,Rasteira Usaflex Tratorada Bege,"Calçados,Calçados Femininos,Rasteirinhas","R$ 119,99","R$ 94,99","R$ 101,05",1x,Rasteira Usaflex Tratorada Bege,rasteira usaflex tratorada bege,rasteira usaflex tratorada bege
adidas Originals,Preto,Dafiti,Tênis adidas Originals Samba OG Preto,"Calçados,Calçados Femininos,Tênis,Tênis Casual","R$ 799,99","R$ 751,98","R$ 799,98",10x,Tênis adidas Originals Samba OG Preto,tenis adidas originals samba og preto,tenis adidas originals samba og preto
Santa Lolla,Nude,Dafiti,Sandália Feminina Santa Lolla Salto Taça Nude,"Calçados,Calçados Femininos,Sandálias,Sandália Salto Fino","R$ 199,90","R$ 139,99","R$ 148,93",2x,Sandália Feminina Santa Lolla Salto Taça Nude,sandalia feminina santa lolla salto taca nude,sandalia feminina santa lolla salto taca nude
Capodarte,Bege,Dafiti,Sapatilha Feminina Capodarte Ponta Fina ...,"Calçados,Calçados Femininos,Sapatilhas,Sapatilha Bico Fino","R$ 450,00","R$ 209,99","R$ 223,39",3x,Sapatilha Feminina Capodarte Ponta Fina ...,sapatilha feminina capodarte ponta fina,sapatilha feminina capodarte ponta fina
Jorge Bischoff,Nude,Dafiti,Sapatilha Jorge Bischoff de Couro Bico Fino Nude,"Calçados,Calçados Femininos,Sapatilhas,Sapatilha Bico Fino","R$ 399,00","R$ 209,99","R$ 223,39",3x,Sapatilha Jorge Bischoff de Couro Bico Fino Nude,sapatilha jorge bischoff de couro bico fino nude,sapatilha jorge bischoff couro bico fino nude
Dakota,Preto,Dafiti,Bota Dakota Cano Baixo Fivela Preta,"Calçados,Calçados Femininos,Botas,Bota Cano Curto","R$ 249,99","R$ 179,99","R$ 191,48",3x,Bota Dakota Cano Baixo Fivela Preta,bota dakota cano baixo fivela preta,bota dakota cano baixo fivela preta
VIA UNO,Preto,Dafiti,Sandália Feminina Via Uno Salto Alto Preta,"Calçados,Calçados Femininos,Sandálias","R$ 139,99","R$ 99,99","R$ 106,37",1x,Sandália Feminina Via Uno Salto Alto Preta,sandalia feminina via uno salto alto preta,sandalia feminina via uno salto alto preta
Santa Lolla,Preto,Dafiti,Scarpin Feminino Santa Lolla Salto Bloco...,"Calçados,Calçados Femininos,Scarpin","R$ 229,90","R$ 184,99","R$ 196,80",3x,Scarpin Feminino Santa Lolla Salto Bloco...,scarpin feminino santa lolla salto bloco,scarpin feminino santa lolla salto bloco
Modare,Marrom,Dafiti,Tênis Feminino Modare Textil Marrom,"Calçados,Calçados Femininos,Tênis,Tênis Casual","R$ 189,90",,"R$ 189,90",3x,Tênis Feminino Modare Textil Marrom,tenis feminino modare textil marrom,tenis feminino modare textil marrom
Vizzano,Preto,Dafiti,Tênis Feminino Vizzano Cadarço Preto,"Calçados,Calçados Femininos,Tênis,Tênis Casual","R$ 219,99","R$ 119,99","R$ 127,65",2x,Tênis Feminino Vizzano Cadarço Preto,tenis feminino vizzano cadarco preto,tenis feminino vizzano cadarco preto
Anacapri,Bege,Dafiti,Sapatilha ANACAPRI Matelassê Bege,"Calçados,Calçados Femininos,Sapatilhas,Sapatilha Bico Redondo","R$ 149,99",,"R$ 149,99",2x,Sapatilha ANACAPRI Matelassê Bege,sapatilha anacapri matelasse bege,sapatilha anacapri matelasse bege
adidas Originals,Branco,Dafiti,Tênis Feminino Adidas Originals Tokyo W Branco,"Calçados,Calçados Femininos,Tênis,Tênis Casual","R$ 699,99","R$ 657,98","R$ 699,98",10x,Tênis Feminino Adidas Originals Tokyo W Branco,tenis feminino adidas originals tokyo w branco,tenis feminino adidas originals tokyo w branco
Vizzano,Marrom,Dafiti,Scarpin Vizzano Salto Fino Marrom,"Calçados,Calçados Femininos,Scarpin","R$ 139,90","R$ 104,99","R$ 111,69",1x,Scarpin Vizzano Salto Fino Marrom,scarpin vizzano salto fino marrom,scarpin vizzano salto fino marrom
Modare,Preto,Dafiti,Tênis Modare Matelassê Preto,"Calçados,Calçados Femininos,Tênis,Tênis Casual","R$ 179,99","R$ 124,99","R$ 132,97",2x,Tênis Modare Matelassê Preto,tenis modare matelasse preto,tenis modare matelasse preto
Jorge Bischoff,Caramelo,Dafiti,Bota Montaria Jorge Bischoff Cano Alto L...,"Calçados,Calçados Femininos,Botas,Bota Montaria e Cano Longo","R$ 1.199,00","R$ 589,99","R$ 627,65",10x,Bota Montaria Jorge Bischoff Cano Alto L...,bota montaria jorge bischoff cano alto l,bota montaria jorge bischoff cano alto l
Bottero,Preto,Dafiti,Sapatilha Feminina Bottero Detalhe Trançado Preta,"Calçados,Calçados Femininos,Sapatilhas,Sapatilha Bico Fino","R$ 199,99","R$ 149,99","R$ 159,56",2x,Sapatilha Feminina Bottero Detalhe Trançado Preta,sapatilha feminina bottero detalhe trancado preta,sapatilha feminina bottero detalhe trancado preta
Santa Lolla,Preto,Dafiti,Bota Feminina Santa Lolla Couro Cano Baixo Preta,"Calçados,Calçados Femininos,Botas,Bota Cano Curto","R$ 399,90","R$ 299,99","R$ 319,14",5x,Bota Feminina Santa Lolla Couro Cano Baixo Preta,bota feminina santa lolla couro cano baixo preta,bota feminina santa lolla couro cano baixo preta
Beira Rio,Nude,Dafiti,Sandália Feminina Beira Rio Salto Bloco Nude,"Calçados,Calçados Femininos,Sandálias","R$ 129,90","R$ 94,99","R$ 101,05",1x,Sandália Feminina Beira Rio Salto Bloco Nude,sandalia feminina beira rio salto bloco nude,sandalia feminina beira rio salto bloco nude
Vizzano,Branco,Dafiti,Tênis Vizzano Recorte Branco,"Calçados,Calçados Femininos,Tênis,Tênis Casual","R$ 179,90","R$ 129,99","R$ 138,29",2x,Tênis Vizzano Recorte Branco,tenis vizzano recorte branco,tenis vizzano recorte branco
Modare,Marrom,Dafiti,Rasteira Feminina Modare Detalhe Metalizado Marrom,"Calçados,Calçados Femininos,Rasteirinhas","R$ 99,90","R$ 79,99","R$ 85,10",1x,Rasteira Feminina Modare Detalhe Metalizado Marrom,rasteira feminina modare detalhe metalizado marrom,rasteira feminina modare detalhe metalizado marrom
Santa Lolla,Marrom,Dafiti,Sandália Feminina Santa Lolla Nó Salto B...,"Calçados,Calçados Femininos,Sandálias","R$ 199,90","R$ 119,99","R$ 127,65",2x,Sandália Feminina Santa Lolla Nó Salto B...,sandalia feminina santa lolla no salto b,sandalia feminina santa lolla salto b
Bebecê,Preto,Dafiti,Sapatilha Feminina Beecê Ponta Fina Preta,"Calçados,Calçados Femininos,Sapatilhas,Sapatilha Bico Fino","R$ 99,99",,"R$ 99,99",1x,Sapatilha Feminina Beecê Ponta Fina Preta,sapatilha feminina beece ponta fina preta,sapatilha feminina beece ponta fina preta
Vizzano,Nude,Dafiti,Sandália Feminina Vizzano Salto Anabela ...,"Calçados,Calçados Femininos,Sandálias","R$ 159,90","R$ 99,99","R$ 106,37",1x,Sandália Feminina Vizzano Salto Anabela ...,sandalia feminina vizzano salto anabela,sandalia feminina vizzano salto anabela
Lança Perfume,Preto,Dafiti,Bota Feminina Lança Perfume Cano Baixo Preta,"Calçados,Calçados Femininos,Botas,Bota Cano Curto","R$ 683,00","R$ 599,99","R$ 638,29",10x,Bota Feminina Lança Perfume Cano Baixo Preta,bota feminina lanca perfume cano baixo preta,bota feminina lanca perfume cano baixo preta
Beira Rio,Bege,Dafiti,Sapatilha Beira Rio Tiras Superiores Bege,"Calçados,Calçados Femininos,Sapatilhas,Sapatilha Bico Fino","R$ 89,90","R$ 64,99","R$ 69,14",1x,Sapatilha Beira Rio Tiras Superiores Bege,sapatilha beira rio tiras superiores bege,sapatilha beira rio tiras superiores bege
Modare,Verde,Dafiti,Sandália Feminina Modare Salto Bloco Verde,"Calçados,Calçados Femininos,Sandálias,Sandália Salto Grosso","R$ 179,99","R$ 109,99","R$ 117,01",1x,Sandália Feminina Modare Salto Bloco Verde,sandalia feminina modare salto bloco verde,sandalia feminina modare salto bloco verde
Usaflex,Azul Marinho,Dafiti,Tênis Feminino Usaflex Knit Azul Marinho,"Calçados,Calçados Femininos,Tênis,Tênis Casual","R$ 179,99","R$ 119,99","R$ 127,65",2x,Tênis Feminino Usaflex Knit Azul Marinho,tenis feminino usaflex knit azul marinho,tenis feminino usaflex knit azul marinho
Modare,Vermelho,Dafiti,Sapatilha Feminina Modare Matelassê Rubi,"Calçados,Calçados Femininos,Sapatilhas,Sapatilha Bico Fino","R$ 129,90",,"R$ 129,90",2x,Sapatilha Feminina Modare Matelassê Rubi,sapatilha feminina modare matelasse rubi,sapatilha feminina modare matelasse rubi
Jorge Bischoff,Rosê,Dafiti,Scarpin Feminino Jorge Bischoff Bico Fin...,"Calçados,Calçados Femininos,Scarpin","R$ 599,00","R$ 264,99","R$ 281,90",4x,Scarpin Feminino Jorge Bischoff Bico Fin...,scarpin feminino jorge bischoff bico fin,scarpin feminino jorge bischoff bico fin
Santa Lolla,Caramelo,Dafiti,Scarpin Feminino Santa Lolla Salto Baixo...,"Calçados,Calçados Femininos,Scarpin","R$ 199,90","R$ 159,99","R$ 170,20",2x,Scarpin Feminino Santa Lolla Salto Baixo...,scarpin feminino santa lolla salto baixo,scarpin feminino santa lolla salto baixo
Bebecê,Caramelo,Dafiti,Scarpin Feminino Bebecê Croco Slingback Caramelo,"Calçados,Calçados Femininos,Scarpin","R$ 119,99","R$ 89,99","R$ 95,73",1x,Scarpin Feminino Bebecê Croco Slingback Caramelo,scarpin feminino bebece croco slingback caramelo,scarpin feminino bebece croco slingback caramelo
VIA UNO,Marrom,Dafiti,Bota Via Uno Cano Baixo Aplicação Marrom,"Calçados,Calçados Femininos,Botas,Bota Cano Curto","R$ 219,99","R$ 199,99","R$ 212,76",3x,Bota Via Uno Cano Baixo Aplicação Marrom,bota via uno cano baixo aplicacao marrom,bota via uno cano baixo aplicacao marrom
Modare,Marrom,Dafiti,Sapatilha Feminina Modare Bico Fino Marrom,"Calçados,Calçados Femininos,Sapatilhas,Sapatilha Bico Fino","R$ 119,99",,"R$ 119,99",2x,Sapatilha Feminina Modare Bico Fino Marrom,sapatilha feminina modare bico fino marrom,sapatilha feminina modare bico fino marrom
Santa Lolla,Dourado,Dafiti,Sandália Anabela Santa Lolla Média Dourada,"Calçados,Calçados Femininos,Sandálias,Sandália Anabela","R$ 249,90","R$ 169,99","R$ 180,84",3x,Sandália Anabela Santa Lolla Média Dourada,sandalia anabela santa lolla media dourada,sandalia anabela santa lolla media dourada
Santa Lolla,Preto,Dafiti,Sandália Feminina Santa Lolla Salto Alto Preta,"Calçados,Calçados Femininos,Sandálias,Sandália Salto Fino","R$ 199,90","R$ 159,99","R$ 170,20",2x,Sandália Feminina Santa Lolla Salto Alto Preta,sandalia feminina santa lolla salto alto preta,sandalia feminina santa lolla salto alto preta
Santa Lolla,Caramelo,Dafiti,Scarpin Feminino Santa Lolla Laço Bicolo...,"Calçados,Calçados Femininos,Scarpin","R$ 269,90","R$ 159,99","R$ 170,20",2x,Scarpin Feminino Santa Lolla Laço Bicolo...,scarpin feminino santa lolla laco bicolo,scarpin feminino santa lolla laco bicolo
adidas Originals,Branco,Dafiti,Tênis Feminino adidas Originals Forum Bo...,"Calçados,Calçados Femininos,Tênis,Tênis Casual","R$ 799,99","R$ 589,99","R$ 627,65",10x,Tênis Feminino adidas Originals Forum Bo...,tenis feminino adidas originals forum bo,tenis feminino adidas originals forum bo
Beira Rio,Dourado,Dafiti,Rasteira Feminina Beira Rio Metalizada Dourada,"Calçados,Calçados Femininos,Rasteirinhas","R$ 99,90","R$ 64,99","R$ 69,14",1x,Rasteira Feminina Beira Rio Metalizada Dourada,rasteira feminina beira rio metalizada dourada,rasteira feminina beira rio metalizada dourada
Bebecê,Preto,Dafiti,Scarpin Slingback Bebecê Nobuck Preto,"Calçados,Calçados Femininos,Scarpin","R$ 129,99","R$ 99,99","R$ 106,37",1x,Scarpin Slingback Bebecê Nobuck Preto,scarpin slingback bebece nobuck preto,scarpin slingback bebece nobuck preto
Beira Rio,Marrom,Dafiti,Rasteira Feminina Beira Rio Tiras Cruzadas Marrom,"Calçados,Calçados Femininos,Rasteirinhas","R$ 89,99","R$ 64,99","R$ 69,14",1x,Rasteira Feminina Beira Rio Tiras Cruzadas Marrom,rasteira feminina beira rio tiras cruzadas marrom,rasteira feminina beira rio tiras cruzadas marrom
VIA UNO,Branco,Dafiti,Tênis Feminino Via Uno Detalhe Contrasta...,"Calçados,Calçados Femininos,Tênis,Tênis Casual","R$ 199,99","R$ 119,99","R$ 127,65",2x,Tênis Feminino Via Uno Detalhe Contrasta...,tenis feminino via uno detalhe contrasta,tenis feminino via uno detalhe contrasta
Vans,Preto,Dafiti,Tênis Vans Wm Filmore Decon Preto,"Calçados,Calçados Femininos,Tênis,Tênis Casual","R$ 349,99","R$ 328,99","R$ 349,99",5x,Tênis Vans Wm Filmore Decon Preto,tenis vans wm filmore decon preto,tenis vans wm filmore decon preto
Capodarte,Caramelo,Dafiti,Sapatilha Feminina Capodarte Espadrille Caramelo,"Calçados,Calçados Femininos,Sapatilhas,Sapatilha Bico Redondo","R$ 550,00","R$ 219,99","R$ 234,03",3x,Sapatilha Feminina Capodarte Espadrille Caramelo,sapatilha feminina capodarte espadrille caramelo,sapatilha feminina capodarte espadrille caramelo
Puma,Rosa,Dafiti,Tênis Puma Suede XL Rosa,"Calçados,Calçados Femininos,Tênis,Tênis Casual","R$ 599,99","R$ 299,99","R$ 319,14",5x,Tênis Puma Suede XL Rosa,tenis puma suede xl rosa,tenis puma suede xl rosa
Bebecê,Preto,Dafiti,Mocassim Bebecê Foafer Preto,"Calçados,Calçados Femininos,Mocassim","R$ 79,99","R$ 59,99","R$ 63,82",1x,Mocassim Bebecê Foafer Preto,mocassim bebece foafer preto,mocassim bebece foafer preto
Moleca,Preto,Dafiti,Mocassim Feminino Moleca Textura Croco Preto,"Calçados,Calçados Femininos,Mocassim","R$ 139,90","R$ 104,99","R$ 111,69",1x,Mocassim Feminino Moleca Textura Croco Preto,mocassim feminino moleca textura croco preto,mocassim feminino moleca textura croco preto
Kolosh,Preto,Dafiti,Tênis Kolosh Sem Cadarço Preto,"Calçados,Calçados Femininos,Tênis,Tênis Casual","R$ 159,99","R$ 149,99","R$ 159,56",2x,Tênis Kolosh Sem Cadarço Preto,tenis kolosh sem cadarco preto,tenis kolosh cadarco preto
Vizzano,Marrom,Dafiti,Sandália Feminina Vizzano Salto Bloco 6cm Marrom,"Calçados,Calçados Femininos,Sandálias","R$ 159,90","R$ 89,99","R$ 95,73",1x,Sandália Feminina Vizzano Salto Bloco 6cm Marrom,sandalia feminina vizzano salto bloco 6cm marrom,sandalia feminina vizzano salto bloco 6cm marrom
Bebecê,Preto,Dafiti,Sapatilha Bebecê Texturizada Preta,"Calçados,Calçados Femininos,Sapatilhas,Sapatilha Bico Fino","R$ 89,99","R$ 69,99","R$ 74,46",1x,Sapatilha Bebecê Texturizada Preta,sapatilha bebece texturizada preta,sapatilha bebece texturizada preta
Santa Lolla,Preto,Dafiti,Scarpin Feminino Santa Lolla Salto Médio Preto,"Calçados,Calçados Femininos,Scarpin","R$ 199,90","R$ 144,99","R$ 154,24",2x,Scarpin Feminino Santa Lolla Salto Médio Preto,scarpin feminino santa lolla salto medio preto,scarpin feminino santa lolla salto medio preto
Beira Rio,Nude,Dafiti,Rasteira Feminina Beira Rio Tiras Fivela Nude,"Calçados,Calçados Femininos,Rasteirinhas","R$ 129,99","R$ 94,99","R$ 101,05",1x,Rasteira Feminina Beira Rio Tiras Fivela Nude,rasteira feminina beira rio tiras fivela nude,rasteira feminina beira rio tiras fivela nude
VIA UNO,Preto,Dafiti,Mocassim Feminino Via Uno Preto,"Calçados,Calçados Femininos,Mocassim","R$ 129,99","R$ 119,99","R$ 127,65",2x,Mocassim Feminino Via Uno Preto,mocassim feminino via uno preto,mocassim feminino via uno preto
Santa Lolla,Vermelho,Dafiti,Sapatilha Feminina Santa Lolla Bico Fino Vermelha,"Calçados,Calçados Femininos,Sapatilhas,Sapatilha Bico Fino","R$ 189,90",,"R$ 189,90",3x,Sapatilha Feminina Santa Lolla Bico Fino Vermelha,sapatilha feminina santa lolla bico fino vermelha,sapatilha feminina santa lolla bico fino vermelha
Vizzano,Bege,Dafiti,Sandália Vizzano Amarração Bege,"Calçados,Calçados Femininos,Sandálias,Sandália Salto Grosso","R$ 139,99","R$ 99,99","R$ 106,37",1x,Sandália Vizzano Amarração Bege,sandalia vizzano amarracao bege,sandalia vizzano amarracao bege
Vizzano,Preto,Dafiti,Rasteira Vizzano Tiras Preta,"Calçados,Calçados Femininos,Alpargatas","R$ 84,99","R$ 49,99","R$ 53,18",1x,Rasteira Vizzano Tiras Preta,rasteira vizzano tiras preta,rasteira vizzano tiras preta
Modare,Marrom,Dafiti,Rasteira Feminina Modare Tiras Largas Marrom,"Calçados,Calçados Femininos,Rasteirinhas","R$ 119,99","R$ 79,99","R$ 85,10",1x,Rasteira Feminina Modare Tiras Largas Marrom,rasteira feminina modare tiras largas marrom,rasteira feminina modare tiras largas marrom
Anacapri,Dourado,Dafiti,Slip On ANACAPRI Laser Cut Dourado,"Calçados,Calçados Femininos,Tênis","R$ 179,99",,"R$ 179,99",3x,Slip On ANACAPRI Laser Cut Dourado,slip on anacapri laser cut dourado,slip on anacapri laser cut dourado
Modare,Preto,Dafiti,Bota Modare Cano Baixo Texturizado Preta,"Calçados,Calçados Femininos,Botas,Bota Cano Curto","R$ 229,99","R$ 129,99","R$ 138,29",2x,Bota Modare Cano Baixo Texturizado Preta,bota modare cano baixo texturizado preta,bota modare cano baixo texturizado preta
Lança Perfume,Preto,Dafiti,Bota Feminina Lança Perfume Cano Alto Preta,"Calçados,Calçados Femininos,Botas,Bota Cano Médio","R$ 1.597,00","R$ 969,99","R$ 1.031,90",10x,Bota Feminina Lança Perfume Cano Alto Preta,bota feminina lanca perfume cano alto preta,bota feminina lanca perfume cano alto preta
Modare,Preto,Dafiti,Sandália Modare Tira Texturizada Preta,"Calçados,Calçados Femininos,Sandálias,Sandália Salto Grosso","R$ 139,99","R$ 109,99","R$ 117,01",1x,Sandália Modare Tira Texturizada Preta,sandalia modare tira texturizada preta,sandalia modare tira texturizada preta
Jorge Bischoff,Dourado,Dafiti,Sapatilha Feminina Jorge Bischoff Slingb...,"Calçados,Calçados Femininos,Sapatilhas,Sapatilha Bico Fino","R$ 499,00","R$ 239,99","R$ 255,31",4x,Sapatilha Feminina Jorge Bischoff Slingb...,sapatilha feminina jorge bischoff slingb,sapatilha feminina jorge bischoff slingb
Converse,Preto,Dafiti,Tênis Converse Chuck Taylor All Star Preto,"Calçados,Calçados Femininos,Tênis,Calçados Masculinos,Tênis,Esporte,Esporte Masculino,Calçados,Tênis Performance","R$ 259,90",,"R$ 259,90",4x,Tênis Converse Chuck Taylor All Star Preto,tenis converse chuck taylor all star preto,tenis converse chuck taylor all star preto
Bottero,Preto,Dafiti,Bota Feminina Bottero Cano Alto Preta,"Calçados,Calçados Femininos,Botas,Bota Montaria e Cano Longo","R$ 599,99","R$ 429,99","R$ 457,44",7x,Bota Feminina Bottero Cano Alto Preta,bota feminina bottero cano alto preta,bota feminina bottero cano alto preta
Beira Rio,Preto,Dafiti,Scarpin Beira Rio Salto Grosso Preto,"Calçados,Calçados Femininos,Scarpin","R$ 119,99","R$ 104,99","R$ 111,69",1x,Scarpin Beira Rio Salto Grosso Preto,scarpin beira rio salto grosso preto,scarpin beira rio salto grosso preto
New Balance,Branco,Dafiti,Tênis Feminino New Balance Casual Branco,"Calçados,Calçados Femininos,Tênis,Tênis Casual","R$ 749,99","R$ 704,98","R$ 749,98",10x,Tênis Feminino New Balance Casual Branco,tenis feminino new balance casual branco,tenis feminino new balance casual branco
Bebecê,Branco,Dafiti,Sandália Feminina Bebecê Salto Grosso Branca,"Calçados,Calçados Femininos,Sandálias,Sandália Salto Grosso","R$ 99,99","R$ 79,99","R$ 85,10",1x,Sandália Feminina Bebecê Salto Grosso Branca,sandalia feminina bebece salto grosso branca,sandalia feminina bebece salto grosso branca
Santa Lolla,Marrom,Dafiti,Sandália Feminina Santa Lolla Média Marrom,"Calçados,Calçados Femininos,Sandálias,Sandália Salto Fino","R$ 189,90","R$ 149,99","R$ 159,56",2x,Sandália Feminina Santa Lolla Média Marrom,sandalia feminina santa lolla media marrom,sandalia feminina santa lolla media marrom
Beira Rio,Branco,Dafiti,Rasteira Feminina Beira Rio Detalhe Metá...,"Calçados,Calçados Femininos,Rasteirinhas","R$ 89,99","R$ 64,99","R$ 69,14",1x,Rasteira Feminina Beira Rio Detalhe Metá...,rasteira feminina beira rio detalhe meta,rasteira feminina beira rio detalhe meta
Moleca,Bege,Dafiti,Tênis Moleca Recorte Bege,"Calçados,Calçados Femininos,Tênis,Tênis Casual","R$ 109,90","R$ 79,99","R$ 85,10",1x,Tênis Moleca Recorte Bege,tenis moleca recorte bege,tenis moleca recorte bege
VIA UNO,Preto,Dafiti,Mocassim Feminino Via Uno Ponta Quadrada Preto,"Calçados,Calçados Femininos,Mocassim","R$ 79,99","R$ 39,99","R$ 42,54",1x,Mocassim Feminino Via Uno Ponta Quadrada Preto,mocassim feminino via uno ponta quadrada preto,mocassim feminino via uno ponta quadrada preto
Bottero,Marrom,Dafiti,Bota Feminina Bottero Cano Alto Salto Al...,"Calçados,Calçados Femininos,Botas,Bota Montaria e Cano Longo","R$ 599,99",,"R$ 599,99",10x,Bota Feminina Bottero Cano Alto Salto Al...,bota feminina bottero cano alto salto al,bota feminina bottero cano alto salto al
Vizzano,Off-white,Dafiti,Scarpin Vizzano Salto Grosso Off-White,"Calçados,Calçados Femininos,Scarpin","R$ 129,99","R$ 99,99","R$ 106,37",1x,Scarpin Vizzano Salto Grosso Off-White,scarpin vizzano salto grosso off white,scarpin vizzano salto grosso off white
Bebecê,Marrom,Dafiti,Sandália Feminina Bebecê Salto Baixo Marrom,"Calçados,Calçados Femininos,Sandálias","R$ 99,99","R$ 79,99","R$ 85,10",1x,Sandália Feminina Bebecê Salto Baixo Marrom,sandalia feminina bebece salto baixo marrom,sandalia feminina bebece salto baixo marrom
Santa Lolla,Preto,Dafiti,Rasteira Santa Lolla Fivela Preta,"Calçados,Calçados Femininos,Rasteirinhas","R$ 189,90","R$ 139,99","R$ 148,93",2x,Rasteira Santa Lolla Fivela Preta,rasteira santa lolla fivela preta,rasteira santa lolla fivela preta
Santa Lolla,Bordô,Dafiti,Scarpin Feminino Santa Lolla Slingback C...,"Calçados,Calçados Femininos,Scarpin","R$ 249,90","R$ 234,99","R$ 234,99",3x,Scarpin Feminino Santa Lolla Slingback C...,scarpin feminino santa lolla slingback c,scarpin feminino santa lolla slingback c
Jorge Bischoff,Preto,Dafiti,Sandália Jorge Bischoff Lisa Preta,"Calçados,Calçados Femininos,Sandálias,Sandália Salto Grosso","R$ 549,00","R$ 269,99","R$ 287,22",4x,Sandália Jorge Bischoff Lisa Preta,sandalia jorge bischoff lisa preta,sandalia jorge bischoff lisa preta
VIA UNO,Preto,Dafiti,Rasteira VIA UNO Pesponto Preta,"Calçados,Calçados Femininos,Rasteirinhas","R$ 69,99","R$ 39,99","R$ 42,54",1x,Rasteira VIA UNO Pesponto Preta,rasteira via uno pesponto preta,rasteira via uno pesponto preta
VIA UNO,Marrom,Dafiti,Sandália Feminina VIA UNO Tiras Detalhe ...,"Calçados,Calçados Femininos,Sandálias","R$ 119,99","R$ 79,99","R$ 85,10",1x,Sandália Feminina VIA UNO Tiras Detalhe ...,sandalia feminina via uno tiras detalhe,sandalia feminina via uno tiras detalhe
Vizzano,Branco,Dafiti,Tênis Feminino Vizzano Bico Redondo Branco,"Calçados,Calçados Femininos,Tênis,Tênis Casual","R$ 169,99","R$ 99,99","R$ 106,37",1x,Tênis Feminino Vizzano Bico Redondo Branco,tenis feminino vizzano bico redondo branco,tenis feminino vizzano bico redondo branco
Santa Lolla,Marrom,Dafiti,Sandália Feminina Santa Lolla Salto Fino Caramelo,"Calçados,Calçados Femininos,Sandálias","R$ 249,90","R$ 149,99","R$ 159,56",2x,Sandália Feminina Santa Lolla Salto Fino Caramelo,sandalia feminina santa lolla salto fino caramelo,sandalia feminina santa lolla salto fino caramelo
Bebecê,Vinho,Dafiti,Sapatilha Feminina Bebecê Bico Fino Vinho,"Calçados,Calçados Femininos,Sapatilhas,Sapatilha Bico Fino","R$ 89,99","R$ 64,99","R$ 69,14",1x,Sapatilha Feminina Bebecê Bico Fino Vinho,sapatilha feminina bebece bico fino vinho,sapatilha feminina bebece bico fino vinho
Vizzano,Off-white,Dafiti,Scarpin Feminino Vizzano Corrente Dourad...,"Calçados,Calçados Femininos,Scarpin","R$ 159,90","R$ 134,99","R$ 143,61",2x,Scarpin Feminino Vizzano Corrente Dourad...,scarpin feminino vizzano corrente dourad,scarpin feminino vizzano corrente dourad
Jorge Bischoff,Azul Marinho,Dafiti,Sapatilha Feminina Jorge Bischoff Laço A...,"Calçados,Calçados Femininos,Sapatilhas,Sapatilha Bico Fino","R$ 469,00","R$ 334,99","R$ 356,37",5x,Sapatilha Feminina Jorge Bischoff Laço A...,sapatilha feminina jorge bischoff laco a,sapatilha feminina jorge bischoff laco
Usaflex,Azul,Dafiti,Tênis Slip On Usaflex Liso Azul,"Calçados,Calçados Femininos,Tênis,Tênis Casual","R$ 239,99","R$ 139,99","R$ 148,93",2x,Tênis Slip On Usaflex Liso Azul,tenis slip on usaflex liso azul,tenis slip on usaflex liso azul
Santa Lolla,Dourado,Dafiti,Scarpin Feminino Santa Lolla Salto Médio Dourado,"Calçados,Calçados Femininos,Scarpin","R$ 369,90","R$ 259,99","R$ 276,59",4x,Scarpin Feminino Santa Lolla Salto Médio Dourado,scarpin feminino santa lolla salto medio dourado,scarpin feminino santa lolla salto medio dourado
Santa Lolla,Bege,Dafiti,Rasteira Feminina Santa Lolla Fechada Ti...,"Calçados,Calçados Femininos,Rasteirinhas","R$ 129,90","R$ 89,99","R$ 95,73",1x,Rasteira Feminina Santa Lolla Fechada Ti...,rasteira feminina santa lolla fechada ti,rasteira feminina santa lolla fechada ti
Santa Lolla,Marrom,Dafiti,Scarpin Feminino Santa Lolla Bico Fino Marrom,"Calçados,Calçados Femininos,Scarpin","R$ 289,90",,"R$ 289,90",4x,Scarpin Feminino Santa Lolla Bico Fino Marrom,scarpin feminino santa lolla bico fino marrom,scarpin feminino santa lolla bico fino marrom
Vizzano,Marrom,Dafiti,Bota Feminina Vizzano Cano Curto Salto Fino Marrom,"Calçados,Calçados Femininos,Botas,Bota Cano Curto","R$ 219,90","R$ 169,99","R$ 180,84",3x,Bota Feminina Vizzano Cano Curto Salto Fino Marrom,bota feminina vizzano cano curto salto fino marrom,bota feminina vizzano cano curto salto fino marrom
Comfortflex,Rosa,Dafiti,Tênis Slip On Comfortflex Zíper Lateral Rosê,"Calçados,Calçados Femininos,Tênis,Tênis Casual","R$ 249,90","R$ 139,99","R$ 148,93",2x,Tênis Slip On Comfortflex Zíper Lateral Rosê,tenis slip on comfortflex ziper lateral rose,tenis slip on comfortflex ziper lateral rose
Kolosh,Marrom,Dafiti,Tênis Feminino Kolosh Detalhe Perfurado Marrom,"Calçados,Calçados Femininos,Tênis,Tênis Casual","R$ 179,99","R$ 124,99","R$ 132,97",2x,Tênis Feminino Kolosh Detalhe Perfurado Marrom,tenis feminino kolosh detalhe perfurado marrom,tenis feminino kolosh detalhe perfurado marrom
Vizzano,Preto,Dafiti,Sandália Vizzano Aplicação Preta,"Calçados,Calçados Femininos,Sandálias,Sandália Salto Grosso","R$ 129,99","R$ 99,99","R$ 106,37",1x,Sandália Vizzano Aplicação Preta,sandalia vizzano aplicacao preta,sandalia vizzano aplicacao preta
Beira Rio,Off-white,Dafiti,Sandália Feminino Beira Rio Salto Bloco Off-white,"Calçados,Calçados Femininos,Sandálias,Sandália Salto Grosso","R$ 169,99","R$ 129,99","R$ 138,29",2x,Sandália Feminino Beira Rio Salto Bloco Off-white,sandalia feminino beira rio salto bloco off white,sandalia feminino beira rio salto bloco off white
Santa Lolla,Preto,Dafiti,Sandália Santa Lolla Salto Agulha Preta,"Calçados,Calçados Femininos,Sandálias","R$ 289,90","R$ 219,99","R$ 234,03",3x,Sandália Santa Lolla Salto Agulha Preta,sandalia santa lolla salto agulha preta,sandalia santa lolla salto agulha preta
Vizzano,Bege,Dafiti,Scarpin Feminino Vizzano Bico Fino Salto...,"Calçados,Calçados Femininos,Scarpin","R$ 159,90","R$ 129,99","R$ 138,29",2x,Scarpin Feminino Vizzano Bico Fino Salto...,scarpin feminino vizzano bico fino salto,scarpin feminino vizzano bico fino salto
Santa Lolla,Preto,Dafiti,Bota Feminina Santa Lolla Cano Alto Preta,"Calçados,Calçados Femininos,Botas,Bota Cano Médio","R$ 499,90","R$ 379,99","R$ 404,24",6x,Bota Feminina Santa Lolla Cano Alto Preta,bota feminina santa lolla cano alto preta,bota feminina santa lolla cano alto preta
Santa Lolla,Branco,Dafiti,Tênis Feminino Santa Lolla Urban Branco,"Calçados,Calçados Femininos,Tênis,Tênis Casual","R$ 229,90","R$ 129,99","R$ 138,29",2x,Tênis Feminino Santa Lolla Urban Branco,tenis feminino santa lolla urban branco,tenis feminino santa lolla urban branco
Anacapri,Café,Dafiti,Mocassim Feminino ANACAPRI Faixa Café,"Calçados,Calçados Femininos,Mocassim","R$ 269,90","R$ 209,99","R$ 223,39",3x,Mocassim Feminino ANACAPRI Faixa Café,mocassim feminino anacapri faixa cafe,mocassim feminino anacapri faixa cafe
Beira Rio,Off-white,Dafiti,Rasteira Fechada Feminina Beira Rio Pont...,"Calçados,Calçados Femininos,Rasteirinhas","R$ 99,90","R$ 84,99","R$ 90,41",1x,Rasteira Fechada Feminina Beira Rio Pont...,rasteira fechada feminina beira rio pont,rasteira fechada feminina beira rio pont
Vizzano,Preto,Dafiti,Sandália Vizzano Pedraria Preta,"Calçados,Calçados Femininos,Sandálias","R$ 159,90","R$ 99,99","R$ 106,37",1x,Sandália Vizzano Pedraria Preta,sandalia vizzano pedraria preta,sandalia vizzano pedraria preta
Bebecê,Preto,Dafiti,Scarpin Feminino Bebecê Salto Médio Preto,"Calçados,Calçados Femininos,Scarpin","R$ 129,99",,"R$ 129,99",2x,Scarpin Feminino Bebecê Salto Médio Preto,scarpin feminino bebece salto medio preto,scarpin feminino bebece salto medio preto
Jorge Bischoff,Preto,Dafiti,Sapatilha Jorge Bischoff de Couro Logo Preta,"Calçados,Calçados Femininos,Sapatilhas,Sapatilha Bico Redondo","R$ 399,00","R$ 229,99","R$ 244,67",4x,Sapatilha Jorge Bischoff de Couro Logo Preta,sapatilha jorge bischoff de couro logo preta,sapatilha jorge bischoff couro logo preta
Santa Lolla,Prata,Dafiti,Sandália Feminina Santa Lolla Salto Baix...,"Calçados,Calçados Femininos,Sandálias,Sandália Salto Fino","R$ 199,90","R$ 159,99","R$ 170,20",2x,Sandália Feminina Santa Lolla Salto Baix...,sandalia feminina santa lolla salto baix,sandalia feminina santa lolla salto baix
Vizzano,Off-white,Dafiti,Sandália Vizzano Tachas Off-White,"Calçados,Calçados Femininos,Sandálias,Sandália Salto Grosso","R$ 149,99","R$ 99,99","R$ 106,37",1x,Sandália Vizzano Tachas Off-White,sandalia vizzano tachas off white,sandalia vizzano tachas off white
Usaflex,Caramelo,Dafiti,Sandália Feminina Usaflex Salto Bloco Caramelo,"Calçados,Calçados Femininos,Sandálias","R$ 259,99","R$ 109,99","R$ 117,01",1x,Sandália Feminina Usaflex Salto Bloco Caramelo,sandalia feminina usaflex salto bloco caramelo,sandalia feminina usaflex salto bloco caramelo
Bebecê,Bege,Dafiti,Scarpin Feminino Bebecê Bico Fino Salto ...,"Calçados,Calçados Femininos,Scarpin","R$ 129,99",,"R$ 129,99",2x,Scarpin Feminino Bebecê Bico Fino Salto ...,scarpin feminino bebece bico fino salto,scarpin feminino bebece bico fino salto
Modare,Off-white,Dafiti,Tênis Feminino Modare Knit Off-White,"Calçados,Calçados Femininos,Tênis,Tênis Casual","R$ 209,90",,"R$ 209,90",3x,Tênis Feminino Modare Knit Off-White,tenis feminino modare knit off white,tenis feminino modare knit off white
Moleca,Caramelo,Dafiti,Rasteira Feminina Moleca Tiras Cruzadas Caramelo,"Calçados,Calçados Femininos,Rasteirinhas","R$ 79,90","R$ 44,99","R$ 47,86",1x,Rasteira Feminina Moleca Tiras Cruzadas Caramelo,rasteira feminina moleca tiras cruzadas caramelo,rasteira feminina moleca tiras cruzadas caramelo
Jorge Bischoff,Marrom,Dafiti,Sandália Feminina Jorge Bischoff Tiras Marrom,"Calçados,Calçados Femininos,Rasteirinhas","R$ 359,00","R$ 189,99","R$ 202,12",3x,Sandália Feminina Jorge Bischoff Tiras Marrom,sandalia feminina jorge bischoff tiras marrom,sandalia feminina jorge bischoff tiras marrom
Vizzano,Marrom,Dafiti,Bota Feminina Vizzano Cano Baixo Marrom,"Calçados,Calçados Femininos,Botas,Bota Cano Curto","R$ 269,90","R$ 184,99","R$ 196,80",3x,Bota Feminina Vizzano Cano Baixo Marrom,bota feminina vizzano cano baixo marrom,bota feminina vizzano cano baixo marrom
Vizzano,Off-white,Dafiti,Scarpin Slingback Vizzano Tira Nó Off-White,"Calçados,Calçados Femininos,Scarpin","R$ 149,99","R$ 99,99","R$ 106,37",1x,Scarpin Slingback Vizzano Tira Nó Off-White,scarpin slingback vizzano tira no off white,scarpin slingback vizzano tira off white
Modare,Preto,Dafiti,Scarpin Feminino Modare Salto Anabela Preto,"Calçados,Calçados Femininos,Scarpin","R$ 119,99","R$ 94,99","R$ 101,05",1x,Scarpin Feminino Modare Salto Anabela Preto,scarpin feminino modare salto anabela preto,scarpin feminino modare salto anabela preto
Santa Lolla,Caramelo,Dafiti,Sandália Feminina Santa Lolla Salto Bloc...,"Calçados,Calçados Femininos,Tamanco","R$ 179,90","R$ 129,99","R$ 138,29",2x,Sandália Feminina Santa Lolla Salto Bloc...,sandalia feminina santa lolla salto bloc,sandalia feminina santa lolla salto bloc
Bottero,Preto,Dafiti,Bota Cano Alto Feminina Bottero Preta,"Calçados,Calçados Femininos,Botas,Bota Montaria e Cano Longo","R$ 509,99","R$ 369,99","R$ 393,61",6x,Bota Cano Alto Feminina Bottero Preta,bota cano alto feminina bottero preta,bota cano alto feminina bottero preta
Vizzano,Preto,Dafiti,Sandália Feminina Vizzano Salto Alto Preta,"Calçados,Calçados Femininos,Sandálias,Sandália Anabela","R$ 179,90","R$ 129,99","R$ 138,29",2x,Sandália Feminina Vizzano Salto Alto Preta,sandalia feminina vizzano salto alto preta,sandalia feminina vizzano salto alto preta
Puma,Prata,Dafiti,Tênis Feminino Puma Speedcat Ballet Suede Prata,"Calçados,Calçados Femininos,Tênis,Tênis Casual","R$ 599,99","R$ 563,99","R$ 599,99",10x,Tênis Feminino Puma Speedcat Ballet Suede Prata,tenis feminino puma speedcat ballet suede prata,tenis feminino puma speedcat ballet suede prata
Vizzano,Marrom,Dafiti,Sandália Feminina Vizzano Salto Médio Marrom,"Calçados,Calçados Femininos,Tamanco","R$ 159,90","R$ 109,99","R$ 117,01",1x,Sandália Feminina Vizzano Salto Médio Marrom,sandalia feminina vizzano salto medio marrom,sandalia feminina vizzano salto medio marrom
Bebecê,Bege,Dafiti,Mocassim Feminino Bebecê Detalhe Metálico Bege,"Calçados,Calçados Femininos,Mocassim","R$ 79,99","R$ 54,99","R$ 58,50",1x,Mocassim Feminino Bebecê Detalhe Metálico Bege,mocassim feminino bebece detalhe metalico bege,mocassim feminino bebece detalhe metalico bege
Jorge Bischoff,Caramelo,Dafiti,Bota Feminina Jorge Bischoff Cano Baixo Caramelo,"Calçados,Calçados Femininos,Botas,Bota Cano Curto","R$ 749,00","R$ 389,99","R$ 414,88",6x,Bota Feminina Jorge Bischoff Cano Baixo Caramelo,bota feminina jorge bischoff cano baixo caramelo,bota feminina jorge bischoff cano baixo caramelo
Bebecê,Preto,Dafiti,Scarpin Feminino Bebecê Salto Alto Preta,"Calçados,Calçados Femininos,Scarpin","R$ 129,99","R$ 94,99","R$ 101,05",1x,Scarpin Feminino Bebecê Salto Alto Preta,scarpin feminino bebece salto alto preta,scarpin feminino bebece salto alto preta
Santa Lolla,Preto,Dafiti,Tênis Santa Lolla Logo Preto,"Calçados,Calçados Femininos,Tênis,Tênis Casual","R$ 159,99","R$ 119,99","R$ 127,65",2x,Tênis Santa Lolla Logo Preto,tenis santa lolla logo preto,tenis santa lolla logo preto
Modare,Bege,Dafiti,Scarpin Feminino Modare Salto Baixo Bico Fino Bege,"Calçados,Calçados Femininos,Scarpin","R$ 159,90","R$ 124,99","R$ 132,97",2x,Scarpin Feminino Modare Salto Baixo Bico Fino Bege,scarpin feminino modare salto baixo bico fino bege,scarpin feminino modare salto baixo bico fino bege
Santa Lolla,Bordô,Dafiti,Sapatilha Feminina Santa Lolla Corrente ...,"Calçados,Calçados Femininos,Sapatilhas,Sapatilha Bico Fino","R$ 219,90","R$ 144,99","R$ 154,24",2x,Sapatilha Feminina Santa Lolla Corrente ...,sapatilha feminina santa lolla corrente,sapatilha feminina santa lolla corrente
Moleca,Preto,Dafiti,Alpargata Moleca Perfuros Preta,"Calçados,Calçados Femininos,Alpargatas","R$ 69,99","R$ 49,99","R$ 53,18",1x,Alpargata Moleca Perfuros Preta,alpargata moleca perfuros preta,alpargata moleca perfuros preta
Anacapri,Vinho,Dafiti,Rasteira Anacapri Lisa Bordô,"Calçados,Calçados Femininos,Rasteirinhas","R$ 99,99","R$ 89,99","R$ 95,73",1x,Rasteira Anacapri Lisa Bordô,rasteira anacapri lisa bordo,rasteira anacapri lisa bordo
Santa Lolla,Bege,Dafiti,Tênis Feminino Santa Lolla Ponta Redonda Bege,"Calçados,Calçados Femininos,Tênis,Tênis Casual","R$ 269,90","R$ 159,99","R$ 170,20",2x,Tênis Feminino Santa Lolla Ponta Redonda Bege,tenis feminino santa lolla ponta redonda bege,tenis feminino santa lolla ponta redonda bege
VIA UNO,Caramelo,Dafiti,Sapatilha Via Uno Aplicação Caramelo,"Calçados,Calçados Femininos,Sapatilhas,Sapatilha Bico Fino","R$ 89,99","R$ 69,99","R$ 74,46",1x,Sapatilha Via Uno Aplicação Caramelo,sapatilha via uno aplicacao caramelo,sapatilha via uno aplicacao caramelo
Vizzano,Preto,Dafiti,Sandália Feminina Vizzano Salto Bloco Bi...,"Calçados,Calçados Femininos,Tamanco","R$ 139,99","R$ 104,99","R$ 111,69",1x,Sandália Feminina Vizzano Salto Bloco Bi...,sandalia feminina vizzano salto bloco bi,sandalia feminina vizzano salto bloco bi
Usaflex,Rosa,Dafiti,Sandália Feminina Usaflex Salto Baixo Bloco Rosa,"Calçados,Calçados Femininos,Sandálias","R$ 249,99","R$ 119,99","R$ 127,65",2x,Sandália Feminina Usaflex Salto Baixo Bloco Rosa,sandalia feminina usaflex salto baixo bloco rosa,sandalia feminina usaflex salto baixo bloco rosa
Jorge Bischoff,Bordô,Dafiti,Scarpin Feminino Jorge Bischoff Couro Bordô,"Calçados,Calçados Femininos,Scarpin","R$ 499,00","R$ 319,99","R$ 340,41",5x,Scarpin Feminino Jorge Bischoff Couro Bordô,scarpin feminino jorge bischoff couro bordo,scarpin feminino jorge bischoff couro bordo
adidas Originals,Preto,Dafiti,Tênis adidas Originals SL 72 OG Animal P...,"Calçados,Calçados Femininos,Tênis,Tênis Casual","R$ 699,99","R$ 657,98","R$ 699,98",10x,Tênis adidas Originals SL 72 OG Animal P...,tenis adidas originals sl 72 og animal p,tenis adidas originals sl 72 og animal p
VIA UNO,Marrom,Dafiti,Sapatilha Via Uno Croco Marrom,"Calçados,Calçados Femininos,Sapatilhas,Sapatilha Bico Fino","R$ 89,99","R$ 54,99","R$ 58,50",1x,Sapatilha Via Uno Croco Marrom,sapatilha via uno croco marrom,sapatilha via uno croco marrom
Kolosh,Vinho,Dafiti,Tênis Feminino Kolosh Detalhe Elástico Vinho,"Calçados,Calçados Femininos,Tênis,Tênis Casual","R$ 199,99","R$ 144,99","R$ 154,24",2x,Tênis Feminino Kolosh Detalhe Elástico Vinho,tenis feminino kolosh detalhe elastico vinho,tenis feminino kolosh detalhe elastico vinho
Vizzano,Marrom,Dafiti,Sandália Feminina Vizzano Salto Alto Fiv...,"Calçados,Calçados Femininos,Sandálias,Sandália Anabela","R$ 179,90","R$ 119,99","R$ 127,65",2x,Sandália Feminina Vizzano Salto Alto Fiv...,sandalia feminina vizzano salto alto fiv,sandalia feminina vizzano salto alto fiv
Moleca,Preto,Dafiti,Sapatilha Feminina Moleca Laço Preta,"Calçados,Calçados Femininos,Sapatilhas,Sapatilha Bico Redondo","R$ 69,90",,"R$ 69,90",1x,Sapatilha Feminina Moleca Laço Preta,sapatilha feminina moleca laco preta,sapatilha feminina moleca laco preta
Santa Lolla,Preto,Dafiti,Scarpin Feminino Santa Lolla Salto Bloco Preto,"Calçados,Calçados Femininos,Scarpin","R$ 189,99","R$ 144,99","R$ 154,24",2x,Scarpin Feminino Santa Lolla Salto Bloco Preto,scarpin feminino santa lolla salto bloco preto,scarpin feminino santa lolla salto bloco preto
Usaflex,Preto,Dafiti,Tênis Feminino Usaflex Slip On Preto,"Calçados,Calçados Femininos,Tênis,Tênis Casual","R$ 179,99","R$ 129,99","R$ 138,29",2x,Tênis Feminino Usaflex Slip On Preto,tenis feminino usaflex slip on preto,tenis feminino usaflex slip on preto
Modare,Bege,Dafiti,Rasteira Modare Pedras Bege,"Calçados,Calçados Femininos,Rasteirinhas","R$ 129,99","R$ 99,99","R$ 106,37",1x,Rasteira Modare Pedras Bege,rasteira modare pedras bege,rasteira modare pedras bege
Modare,Nude,Dafiti,Scarpin Feminino Modare Salto Médio Nude,"Calçados,Calçados Femininos,Scarpin","R$ 139,90","R$ 99,99","R$ 106,37",1x,Scarpin Feminino Modare Salto Médio Nude,scarpin feminino modare salto medio nude,scarpin feminino modare salto medio nude
Jorge Bischoff,Azul Marinho,Dafiti,Sapatilha Feminina Jorge Bischoff Bico F...,"Calçados,Calçados Femininos,Sapatilhas,Sapatilha Bico Fino","R$ 549,00","R$ 344,99","R$ 367,01",6x,Sapatilha Feminina Jorge Bischoff Bico F...,sapatilha feminina jorge bischoff bico f,sapatilha feminina jorge bischoff bico f
Moleca,Marrom,Dafiti,Rasteira Feminina Moleca Tiras Tramada Marrom,"Calçados,Calçados Femininos,Rasteirinhas","R$ 99,90","R$ 64,99","R$ 69,14",1x,Rasteira Feminina Moleca Tiras Tramada Marrom,rasteira feminina moleca tiras tramada marrom,rasteira feminina moleca tiras tramada marrom
Melissa,Incolor,Dafiti,Sandália Melissa Possession Incolor,"Calçados,Calçados Femininos,Rasteirinhas","R$ 169,90","R$ 159,70","R$ 169,89",2x,Sandália Melissa Possession Incolor,sandalia melissa possession incolor,sandalia melissa possession incolor
Kolosh,Bege,Dafiti,Tênis Feminino Kolosh Detalhe Metalizado Bege,"Calçados,Calçados Femininos,Tênis,Tênis Casual","R$ 289,99","R$ 189,99","R$ 202,12",3x,Tênis Feminino Kolosh Detalhe Metalizado Bege,tenis feminino kolosh detalhe metalizado bege,tenis feminino kolosh detalhe metalizado bege
Modare,Preto,Dafiti,Tênis Feminino Modare Cano Baixo Preto,"Calçados,Calçados Femininos,Tênis,Tênis Casual","R$ 169,90","R$ 119,99","R$ 127,65",2x,Tênis Feminino Modare Cano Baixo Preto,tenis feminino modare cano baixo preto,tenis feminino modare cano baixo preto
Vizzano,Preto,Dafiti,Scarpin Feminino Vizzano Salto Alto Tiras Preto,"Calçados,Calçados Femininos,Scarpin","R$ 189,90","R$ 129,99","R$ 138,29",2x,Scarpin Feminino Vizzano Salto Alto Tiras Preto,scarpin feminino vizzano salto alto tiras preto,scarpin feminino vizzano salto alto tiras preto
Vizzano,Bege,Dafiti,Sandália Vizzano Aplicação Bege,"Calçados,Calçados Femininos,Sandálias,Sandália Salto Grosso","R$ 129,99","R$ 104,99","R$ 111,69",1x,Sandália Vizzano Aplicação Bege,sandalia vizzano aplicacao bege,sandalia vizzano aplicacao bege
Vizzano,Marrom,Dafiti,Tênis Feminino Modare Chunky Marrom,"Calçados,Calçados Femininos,Tênis,Tênis Casual","R$ 209,99","R$ 149,99","R$ 159,56",2x,Tênis Feminino Modare Chunky Marrom,tenis feminino modare chunky marrom,tenis feminino modare chunky marrom
Modare,Preto,Dafiti,Sapatilha Feminina Modare Detalhe Metálico Preta,"Calçados,Calçados Femininos,Sapatilhas,Sapatilha Bico Fino","R$ 129,90","R$ 104,99","R$ 111,69",1x,Sapatilha Feminina Modare Detalhe Metálico Preta,sapatilha feminina modare detalhe metalico preta,sapatilha feminina modare detalhe metalico preta
Comfortflex,Marrom,Dafiti,Bota Feminina Comfortflex Cano Baixo Marrom,"Calçados,Calçados Femininos,Botas,Bota Cano Curto","R$ 209,99","R$ 139,99","R$ 148,93",2x,Bota Feminina Comfortflex Cano Baixo Marrom,bota feminina comfortflex cano baixo marrom,bota feminina comfortflex cano baixo marrom
Vizzano,Branco,Dafiti,Scarpin Vizzano Bico Fino Branco,"Calçados,Calçados Femininos,Scarpin","R$ 149,90","R$ 99,99","R$ 106,37",1x,Scarpin Vizzano Bico Fino Branco,scarpin vizzano bico fino branco,scarpin vizzano bico fino branco
Vizzano,Preto,Dafiti,Scarpin Vizzano Médio Preto,"Calçados,Calçados Femininos,Scarpin","R$ 139,99","R$ 114,99","R$ 122,33",2x,Scarpin Vizzano Médio Preto,scarpin vizzano medio preto,scarpin vizzano medio preto
Santa Lolla,Preto,Dafiti,Sandália Santa Lolla Em Nó Preta,"Calçados,Calçados Femininos,Sandálias,Sandália Salto Grosso","R$ 269,90","R$ 219,99","R$ 234,03",3x,Sandália Santa Lolla Em Nó Preta,sandalia santa lolla em no preta,sandalia santa lolla preta
Jorge Bischoff,Azul,Dafiti,Scarpin Jorge Bischoff de Couro Azul,"Calçados,Calçados Femininos,Sapatos,Scarpins,Scarpin","R$ 369,00","R$ 219,99","R$ 234,03",3x,Scarpin Jorge Bischoff de Couro Azul,scarpin jorge bischoff de couro azul,scarpin jorge bischoff couro azul
VIA UNO,Marrom,Dafiti,Bota Feminina VIA UNO Cano Baixo Animal ...,"Calçados,Calçados Femininos,Botas,Bota Cano Curto","R$ 179,99","R$ 134,99","R$ 143,61",2x,Bota Feminina VIA UNO Cano Baixo Animal ...,bota feminina via uno cano baixo animal,bota feminina via uno cano baixo animal
VIA UNO,Marrom,Dafiti,Mocassim VIA UNO Suede Marrom,"Calçados,Calçados Femininos,Mocassim","R$ 139,99","R$ 124,99","R$ 132,97",2x,Mocassim VIA UNO Suede Marrom,mocassim via uno suede marrom,mocassim via uno suede marrom
Bottero,Preto,Dafiti,Bota Coturno Bottero Cano Baixo Preta,"Calçados,Calçados Femininos,Botas,Coturno e Biker","R$ 459,99","R$ 389,99","R$ 414,88",6x,Bota Coturno Bottero Cano Baixo Preta,bota coturno bottero cano baixo preta,bota coturno bottero cano baixo preta
Santa Lolla,Marrom,Dafiti,Scarpin Santa Lolla Salto Bloco Caramelo,"Calçados,Calçados Femininos,Scarpin","R$ 249,90","R$ 189,99","R$ 202,12",3x,Scarpin Santa Lolla Salto Bloco Caramelo,scarpin santa lolla salto bloco caramelo,scarpin santa lolla salto bloco caramelo
Jorge Bischoff,Caramelo,Dafiti,Tamanco Feminino Jorge Bischoff Salto Ba...,"Calçados,Calçados Femininos,Tamanco","R$ 449,00","R$ 219,99","R$ 234,03",3x,Tamanco Feminino Jorge Bischoff Salto Ba...,tamanco feminino jorge bischoff salto ba,tamanco feminino jorge bischoff salto ba
Vizzano,Marrom,Dafiti,Mule Feminino Vizzano Plataforma Fivela Marrom,"Calçados,Calçados Femininos,Mocassim","R$ 199,90","R$ 144,99","R$ 154,24",2x,Mule Feminino Vizzano Plataforma Fivela Marrom,mule feminino vizzano plataforma fivela marrom,mule feminino vizzano plataforma fivela marrom
Bebecê,Preto,Dafiti,Scarpin Feminino Bebecê Slingback Fivela Preto,"Calçados,Calçados Femininos,Scarpin","R$ 129,99","R$ 104,99","R$ 111,69",1x,Scarpin Feminino Bebecê Slingback Fivela Preto,scarpin feminino bebece slingback fivela preto,scarpin feminino bebece slingback fivela preto
Anacapri,Preto,Dafiti,Sapatilha ANACAPRI Matelassê Preta,"Calçados,Calçados Femininos,Sapatilhas,Sapatilha Bico Redondo","R$ 159,99",,"R$ 159,99",2x,Sapatilha ANACAPRI Matelassê Preta,sapatilha anacapri matelasse preta,sapatilha anacapri matelasse preta
Kolosh,Preto,Dafiti,Tênis Kolosh Com Cadarço Preto,"Calçados,Calçados Femininos,Tênis,Tênis Casual","R$ 179,99","R$ 139,99","R$ 148,93",2x,Tênis Kolosh Com Cadarço Preto,tenis kolosh com cadarco preto,tenis kolosh cadarco preto
Bottero,Marrom,Dafiti,Sapatilha Feminina Bottero Slingback Cou...,"Calçados,Calçados Femininos,Sapatilhas,Sapatilha Bico Redondo","R$ 309,99","R$ 269,99","R$ 287,22",4x,Sapatilha Feminina Bottero Slingback Cou...,sapatilha feminina bottero slingback cou,sapatilha feminina bottero slingback cou
Kolosh,Branco,Dafiti,Tênis Feminino Kolosh Sem Cadarço Branco,"Calçados,Calçados Femininos,Tênis,Tênis Casual","R$ 189,99","R$ 149,99","R$ 159,56",2x,Tênis Feminino Kolosh Sem Cadarço Branco,tenis feminino kolosh sem cadarco branco,tenis feminino kolosh cadarco branco
Ramarim,Branco,Dafiti,Tênis Feminino Ramarim Cadarço Branco,"Calçados,Calçados Femininos,Tênis,Tênis Casual","R$ 219,90","R$ 149,99","R$ 159,56",2x,Tênis Feminino Ramarim Cadarço Branco,tenis feminino ramarim cadarco branco,tenis feminino ramarim cadarco branco
Modare,Branco,Dafiti,Tênis Feminino Modare Bico Redondo Branco,"Calçados,Calçados Femininos,Tênis,Tênis Casual","R$ 209,99","R$ 159,99","R$ 170,20",2x,Tênis Feminino Modare Bico Redondo Branco,tenis feminino modare bico redondo branco,tenis feminino modare bico redondo branco
Arezzo,Preto,Dafiti,Scarpin Arezzo Salto Anabela Bico Fino Preta,"Calçados,Calçados Femininos,Scarpin","R$ 439,99","R$ 413,59","R$ 439,99",7x,Scarpin Arezzo Salto Anabela Bico Fino Preta,scarpin arezzo salto anabela bico fino preta,scarpin arezzo salto anabela bico fino preta
Bottero,Branco,Dafiti,Tênis Feminino Bottero Casual Branco,"Calçados,Calçados Femininos,Tênis,Tênis Casual","R$ 349,99","R$ 239,99","R$ 255,31",4x,Tênis Feminino Bottero Casual Branco,tenis feminino bottero casual branco,tenis feminino bottero casual branco
VIA UNO,Bordô,Dafiti,Sandália Feminina VIA UNO Salto Grosso Bordô,"Calçados,Calçados Femininos,Sandálias,Sandália Salto Grosso","R$ 129,99","R$ 89,99","R$ 95,73",1x,Sandália Feminina VIA UNO Salto Grosso Bordô,sandalia feminina via uno salto grosso bordo,sandalia feminina via uno salto grosso bordo
Jorge Bischoff,Marrom,Dafiti,Sandália Feminina Jorge Bischoff Texturi...,"Calçados,Calçados Femininos,Sandálias,Sandália Salto Grosso","R$ 489,00","R$ 279,99","R$ 297,86",4x,Sandália Feminina Jorge Bischoff Texturi...,sandalia feminina jorge bischoff texturi,sandalia feminina jorge bischoff texturi
Vizzano,Preto,Dafiti,Tamanco Vizzano Fivela Preto,"Calçados,Calçados Femininos,Tamanco","R$ 139,99","R$ 99,99","R$ 106,37",1x,Tamanco Vizzano Fivela Preto,tamanco vizzano fivela preto,tamanco vizzano fivela preto
Vizzano,Marrom,Dafiti,Tênis Feminino Vizzano Bico Redondo Marrom,"Calçados,Calçados Femininos,Tênis,Tênis Casual","R$ 159,99","R$ 109,99","R$ 117,01",1x,Tênis Feminino Vizzano Bico Redondo Marrom,tenis feminino vizzano bico redondo marrom,tenis feminino vizzano bico redondo marrom
Anacapri,Preto,Dafiti,Mocassim Anacapri Loafer Preto,"Calçados,Calçados Femininos,Mocassim","R$ 269,99","R$ 209,99","R$ 223,39",3x,Mocassim Anacapri Loafer Preto,mocassim anacapri loafer preto,mocassim anacapri loafer preto
Mooncity,Preto,Dafiti,Bota Tratorado Mooncity Cano Baixo Peludo Preta,"Calçados,Calçados Femininos,Botas,Bota Cano Curto","R$ 129,99","R$ 64,99","R$ 69,14",1x,Bota Tratorado Mooncity Cano Baixo Peludo Preta,bota tratorado mooncity cano baixo peludo preta,bota tratorado mooncity cano baixo peludo preta
Usaflex,Preto,Dafiti,Rasteira Feminina Usaflex Detalhe Metálico Preta,"Calçados,Calçados Femininos,Rasteirinhas","R$ 199,99","R$ 109,99","R$ 117,01",1x,Rasteira Feminina Usaflex Detalhe Metálico Preta,rasteira feminina usaflex detalhe metalico preta,rasteira feminina usaflex detalhe metalico preta
Vizzano,Vermelho,Dafiti,Scarpin Vizzano Baixo Vermelho,"Calçados,Calçados Femininos,Scarpin","R$ 139,90","R$ 114,99","R$ 122,33",2x,Scarpin Vizzano Baixo Vermelho,scarpin vizzano baixo vermelho,scarpin vizzano baixo vermelho
Vizzano,Vermelho,Dafiti,Scarpin Feminino Vizzano Ponta Fina Vern...,"Calçados,Calçados Femininos,Scarpin","R$ 179,90","R$ 124,99","R$ 132,97",2x,Scarpin Feminino Vizzano Ponta Fina Vern...,scarpin feminino vizzano ponta fina vern,scarpin feminino vizzano ponta fina vern
Melissa,Preto,Dafiti,Sandália Feminina Melissa Plataforma Preta,"Calçados,Calçados Femininos,Sandálias","R$ 349,90","R$ 328,90","R$ 349,89",5x,Sandália Feminina Melissa Plataforma Preta,sandalia feminina melissa plataforma preta,sandalia feminina melissa plataforma preta
Kolosh,Bege,Dafiti,Tênis Feminino Kolosh Detalhe Matelassê Bege,"Calçados,Calçados Femininos,Tênis,Tênis Casual","R$ 189,99","R$ 129,99","R$ 138,29",2x,Tênis Feminino Kolosh Detalhe Matelassê Bege,tenis feminino kolosh detalhe matelasse bege,tenis feminino kolosh detalhe matelasse bege
Arezzo,Marrom,Dafiti,Scarpin Feminino Arezzo Slingback Salto ...,"Calçados,Calçados Femininos,Scarpin","R$ 399,90","R$ 375,90","R$ 399,89",6x,Scarpin Feminino Arezzo Slingback Salto ...,scarpin feminino arezzo slingback salto,scarpin feminino arezzo slingback salto
Santa Lolla,Marrom,Dafiti,Bota Feminina Santa Lolla Cano Alto Salt...,"Calçados,Calçados Femininos,Botas,Bota Montaria e Cano Longo","R$ 499,90","R$ 369,99","R$ 393,61",6x,Bota Feminina Santa Lolla Cano Alto Salt...,bota feminina santa lolla cano alto salt,bota feminina santa lolla cano alto salt
Jorge Bischoff,Bege,Dafiti,Tênis Feminino Jorge Bischoff Couro Bege,"Calçados,Calçados Femininos,Tênis,Tênis Casual","R$ 499,00",,"R$ 499,00",8x,Tênis Feminino Jorge Bischoff Couro Bege,tenis feminino jorge bischoff couro bege,tenis feminino jorge bischoff couro bege
Vizzano,Caramelo,Dafiti,Scarpin Vizzano Liso Caramelo,"Calçados,Calçados Femininos,Scarpin","R$ 149,99","R$ 99,99","R$ 106,37",1x,Scarpin Vizzano Liso Caramelo,scarpin vizzano liso caramelo,scarpin vizzano liso caramelo
Modare,Preto,Dafiti,Mocassim Modare Tratorada Preto,"Calçados,Calçados Femininos,Mocassim","R$ 139,99","R$ 99,99","R$ 106,37",1x,Mocassim Modare Tratorada Preto,mocassim modare tratorada preto,mocassim modare tratorada preto
Vizzano,Vermelho,Dafiti,Tênis Vizzano Nobuck Vermelho,"Calçados,Calçados Femininos,Tênis,Tênis Casual","R$ 139,99","R$ 89,99","R$ 95,73",1x,Tênis Vizzano Nobuck Vermelho,tenis vizzano nobuck vermelho,tenis vizzano nobuck vermelho
Jorge Bischoff,Marrom,Dafiti,Scarpin Feminino Jorge Bischoff Couro Bi...,"Calçados,Calçados Femininos,Scarpin","R$ 549,00","R$ 269,99","R$ 287,22",4x,Scarpin Feminino Jorge Bischoff Couro Bi...,scarpin feminino jorge bischoff couro bi,scarpin feminino jorge bischoff couro bi
VIA UNO,Marrom,Dafiti,Sandália Via Uno Tachas Marrom,"Calçados,Calçados Femininos,Sandálias,Sandália Salto Grosso","R$ 149,99","R$ 89,99","R$ 95,73",1x,Sandália Via Uno Tachas Marrom,sandalia via uno tachas marrom,sandalia via uno tachas marrom
Vizzano,Vinho,Dafiti,Bota Feminina Vizzano Cano Baixo Salto Fino Vinho,"Calçados,Calçados Femininos,Botas,Bota Cano Curto","R$ 219,90","R$ 149,99","R$ 159,56",2x,Bota Feminina Vizzano Cano Baixo Salto Fino Vinho,bota feminina vizzano cano baixo salto fino vinho,bota feminina vizzano cano baixo salto fino vinho
Capodarte,Preto,Dafiti,Sapatilha Feminino Capodarte Monograma e...,"Calçados,Calçados Femininos,Sapatilhas,Sapatilha Bico Fino","R$ 450,00","R$ 249,99","R$ 265,95",4x,Sapatilha Feminino Capodarte Monograma e...,sapatilha feminino capodarte monograma e,sapatilha feminino capodarte monograma
Beira Rio,Caramelo,Dafiti,Rasteira Aberta Beira Rio Detalhe Metáli...,"Calçados,Calçados Femininos,Rasteirinhas","R$ 129,90","R$ 89,99","R$ 95,73",1x,Rasteira Aberta Beira Rio Detalhe Metáli...,rasteira aberta beira rio detalhe metali,rasteira aberta beira rio detalhe metali
Anacapri,Off-white,Dafiti,Rasteira Feminina Anacapri Tiras Pedrari...,"Calçados,Calçados Femininos,Rasteirinhas","R$ 129,90","R$ 99,99","R$ 106,37",1x,Rasteira Feminina Anacapri Tiras Pedrari...,rasteira feminina anacapri tiras pedrari,rasteira feminina anacapri tiras pedrari
Kolosh,Bege,Dafiti,Tênis Kolosh Apliques Bege,"Calçados,Calçados Femininos,Tênis,Tênis Casual","R$ 189,90","R$ 144,99","R$ 154,24",2x,Tênis Kolosh Apliques Bege,tenis kolosh apliques bege,tenis kolosh apliques bege
Jorge Bischoff,Caramelo,Dafiti,Scarpin Jorge Bischoff de Couro Croco Caramelo,"Calçados,Calçados Femininos,Scarpin","R$ 599,00","R$ 279,99","R$ 297,86",4x,Scarpin Jorge Bischoff de Couro Croco Caramelo,scarpin jorge bischoff de couro croco caramelo,scarpin jorge bischoff couro croco caramelo
Vizzano,Preto,Dafiti,Mocassim Vizzano Fivela e Ilhós Preto,"Calçados,Calçados Femininos,Mocassim","R$ 169,99","R$ 89,99","R$ 95,73",1x,Mocassim Vizzano Fivela e Ilhós Preto,mocassim vizzano fivela e ilhos preto,mocassim vizzano fivela ilhos preto
Bottero,Marrom,Dafiti,Bota Feminina Bottero Cano Alto Salto Qu...,"Calçados,Calçados Femininos,Botas,Bota Montaria e Cano Longo","R$ 509,99","R$ 379,99","R$ 404,24",6x,Bota Feminina Bottero Cano Alto Salto Qu...,bota feminina bottero cano alto salto qu,bota feminina bottero cano alto salto qu
Vizzano,Prata,Dafiti,Scarpin Feminino Vizzano Salto Fino Meta...,"Calçados,Calçados Femininos,Scarpin","R$ 189,90","R$ 129,99","R$ 138,29",2x,Scarpin Feminino Vizzano Salto Fino Meta...,scarpin feminino vizzano salto fino meta,scarpin feminino vizzano salto fino meta
Jorge Bischoff,Marrom,Dafiti,Bota Feminina Jorge Bischoff Cano Baixo ...,"Calçados,Calçados Femininos,Botas,Bota Cano Curto","R$ 699,00","R$ 339,99","R$ 361,69",6x,Bota Feminina Jorge Bischoff Cano Baixo ...,bota feminina jorge bischoff cano baixo,bota feminina jorge bischoff cano baixo
VIA UNO,Branco,Dafiti,Rasteira Feminina VIA UNO Tiras Detalhe ...,"Calçados,Calçados Femininos,Rasteirinhas","R$ 89,99","R$ 64,99","R$ 69,14",1x,Rasteira Feminina VIA UNO Tiras Detalhe ...,rasteira feminina via uno tiras detalhe,rasteira feminina via uno tiras detalhe
VIA UNO,Caramelo,Dafiti,Sandália Feminina Via Uno Salto Anabela Caramelo,"Calçados,Calçados Femininos,Tamanco","R$ 119,99","R$ 89,99","R$ 95,73",1x,Sandália Feminina Via Uno Salto Anabela Caramelo,sandalia feminina via uno salto anabela caramelo,sandalia feminina via uno salto anabela caramelo
Santa Lolla,Preto,Dafiti,Slip On Santa Lolla Jeans Azul,"Calçados,Calçados Femininos,Tênis","R$ 149,90","R$ 119,99","R$ 127,65",2x,Slip On Santa Lolla Jeans Azul,slip on santa lolla jeans azul,slip on santa lolla jeans azul
Modare,Marrom,Dafiti,Bota Anabela Modare Cano Baixo Marrom,"Calçados,Calçados Femininos,Botas,Bota Cano Curto","R$ 169,99","R$ 109,99","R$ 117,01",1x,Bota Anabela Modare Cano Baixo Marrom,bota anabela modare cano baixo marrom,bota anabela modare cano baixo marrom
Vizzano,Off-white,Dafiti,Sandália Feminina Vizzano Salto Grosso Off-White,"Calçados,Calçados Femininos,Sandálias,Sandália Salto Grosso","R$ 159,99","R$ 114,99","R$ 122,33",2x,Sandália Feminina Vizzano Salto Grosso Off-White,sandalia feminina vizzano salto grosso off white,sandalia feminina vizzano salto grosso off white
VIA UNO,Preto,Dafiti,Bota Feminina VIA UNO Cano Alto Salto Baixo Preta,"Calçados,Calçados Femininos,Botas,Bota Montaria e Cano Longo","R$ 259,99","R$ 194,99","R$ 207,44",3x,Bota Feminina VIA UNO Cano Alto Salto Baixo Preta,bota feminina via uno cano alto salto baixo preta,bota feminina via uno cano alto salto baixo preta
Vizzano,Preto,Dafiti,Sapatilha Feminina Vizzano Bico Fino Laço Preta,"Calçados,Calçados Femininos,Sapatilhas,Sapatilha Bico Fino","R$ 139,90","R$ 114,99","R$ 122,33",2x,Sapatilha Feminina Vizzano Bico Fino Laço Preta,sapatilha feminina vizzano bico fino laco preta,sapatilha feminina vizzano bico fino laco preta
Vans,Preto,Dafiti,Tênis Vans Knu Skool Preto,"Calçados,Calçados Femininos,Tênis,Tênis Casual,Calçados Masculinos,Tênis,Tênis Casual","R$ 599,99","R$ 563,99","R$ 599,99",10x,Tênis Vans Knu Skool Preto,tenis vans knu skool preto,tenis vans knu skool preto
Via Marte,Preto,Dafiti,Tênis Via Marte Liso Preto,"Calçados,Calçados Femininos,Tênis,Tênis Casual","R$ 179,99","R$ 139,99","R$ 148,93",2x,Tênis Via Marte Liso Preto,tenis via marte liso preto,tenis via marte liso preto
Arezzo,Preto,Dafiti,Rasteira Feminina Arezzo Fechada Couro Preta,"Calçados,Calçados Femininos,Rasteirinhas","R$ 399,90",,"R$ 399,90",6x,Rasteira Feminina Arezzo Fechada Couro Preta,rasteira feminina arezzo fechada couro preta,rasteira feminina arezzo fechada couro preta
Bottero,Preto,Dafiti,Scarpin Feminino Bottero Salto Baixo Preto,"Calçados,Calçados Femininos,Scarpin","R$ 299,99","R$ 169,99","R$ 180,84",3x,Scarpin Feminino Bottero Salto Baixo Preto,scarpin feminino bottero salto baixo preto,scarpin feminino bottero salto baixo preto
Vizzano,Caramelo,Dafiti,Sandália Vizzano Salto Alto Grosso Caramelo,"Calçados,Calçados Femininos,Sandálias,Sandália Salto Grosso","R$ 149,90","R$ 89,99","R$ 95,73",1x,Sandália Vizzano Salto Alto Grosso Caramelo,sandalia vizzano salto alto grosso caramelo,sandalia vizzano salto alto grosso caramelo
Bebecê,Dourado,Dafiti,Scarpin Bebecê Bico Fino Metálico Dourado,"Calçados,Calçados Femininos,Scarpin","R$ 129,99","R$ 104,99","R$ 111,69",1x,Scarpin Bebecê Bico Fino Metálico Dourado,scarpin bebece bico fino metalico dourado,scarpin bebece bico fino metalico dourado
VIA UNO,Off-white,Dafiti,Sapatilha Via Uno Bico Fino Off-White,"Calçados,Calçados Femininos,Sapatilhas,Sapatilha Bico Fino","R$ 99,90","R$ 79,99","R$ 85,10",1x,Sapatilha Via Uno Bico Fino Off-White,sapatilha via uno bico fino off white,sapatilha via uno bico fino off white
Coca Cola,Azul Marinho,Dafiti,Tênis Feminino Coca Cola Cano Baixo Azul Marinho,"Calçados,Calçados Femininos,Tênis,Tênis Casual","R$ 149,99","R$ 109,99","R$ 117,01",1x,Tênis Feminino Coca Cola Cano Baixo Azul Marinho,tenis feminino coca cola cano baixo azul marinho,tenis feminino coca cola cano baixo azul marinho
Usaflex,Verde,Dafiti,Tênis Feminino Usaflex Knit Verde,"Calçados,Calçados Femininos,Tênis,Tênis Casual","R$ 179,99","R$ 129,99","R$ 138,29",2x,Tênis Feminino Usaflex Knit Verde,tenis feminino usaflex knit verde,tenis feminino usaflex knit verde
Dakota,Preto,Dafiti,Mocassim Feminino Dakota Detalhe Metal Preto,"Calçados,Calçados Femininos,Mocassim","R$ 179,99","R$ 119,99","R$ 127,65",2x,Mocassim Feminino Dakota Detalhe Metal Preto,mocassim feminino dakota detalhe metal preto,mocassim feminino dakota detalhe metal preto
Jorge Bischoff,Marrom,Dafiti,Sapatilha Feminina Jorge Bischoff Matela...,"Calçados,Calçados Femininos,Sapatilhas,Sapatilha Bico Redondo","R$ 399,00","R$ 179,99","R$ 191,48",3x,Sapatilha Feminina Jorge Bischoff Matela...,sapatilha feminina jorge bischoff matela,sapatilha feminina jorge bischoff matela
Bottero,Marrom,Dafiti,Bota Feminina Bottero Cano Alto Marrom,"Calçados,Calçados Femininos,Botas,Bota Montaria e Cano Longo","R$ 659,99","R$ 479,99","R$ 510,63",8x,Bota Feminina Bottero Cano Alto Marrom,bota feminina bottero cano alto marrom,bota feminina bottero cano alto marrom
VIA UNO,Preto,Dafiti,Sapatilha Via Uno Lisa Preta,"Calçados,Calçados Femininos,Sapatilhas,Sapatilha Bico Fino","R$ 89,99","R$ 69,99","R$ 74,46",1x,Sapatilha Via Uno Lisa Preta,sapatilha via uno lisa preta,sapatilha via uno lisa preta
Vizzano,Caramelo,Dafiti,Bota Feminina Vizzano Cano Baixo Caramelo,"Calçados,Calçados Femininos,Botas,Bota Cano Curto","R$ 239,90","R$ 189,99","R$ 202,12",3x,Bota Feminina Vizzano Cano Baixo Caramelo,bota feminina vizzano cano baixo caramelo,bota feminina vizzano cano baixo caramelo
Moleca,Nude,Dafiti,Chinelo Feminino Moleca Ponta Quadrada Nude,"Calçados,Calçados Femininos,Chinelos","R$ 49,90","R$ 29,99","R$ 31,90",1x,Chinelo Feminino Moleca Ponta Quadrada Nude,chinelo feminino moleca ponta quadrada nude,chinelo feminino moleca ponta quadrada nude
Bottero,Nude,Dafiti,Sandália Feminina Bottero Anabela Nude,"Calçados,Calçados Femininos,Sandálias,Sandália Anabela","R$ 269,99","R$ 189,99","R$ 202,12",3x,Sandália Feminina Bottero Anabela Nude,sandalia feminina bottero anabela nude,sandalia feminina bottero anabela nude
Arezzo,Marrom,Dafiti,Bota Feminina Arezzo Cano Alto Marrom,"Calçados,Calçados Femininos,Botas,Bota Montaria e Cano Longo","R$ 799,90","R$ 751,90","R$ 799,89",10x,Bota Feminina Arezzo Cano Alto Marrom,bota feminina arezzo cano alto marrom,bota feminina arezzo cano alto marrom
Beira Rio,Preto,Dafiti,Scarpin Beira Rio Salto Bloco Bico Arred...,"Calçados,Calçados Femininos,Scarpin","R$ 159,99","R$ 89,99","R$ 95,73",1x,Scarpin Beira Rio Salto Bloco Bico Arred...,scarpin beira rio salto bloco bico arred,scarpin beira rio salto bloco bico arred
Bebecê,Azul,Dafiti,Sapatilha Feminina Bebecê Bico Fino Azul...,"Calçados,Calçados Femininos,Sapatilhas,Sapatilha Bico Fino","R$ 89,99","R$ 69,99","R$ 74,46",1x,Sapatilha Feminina Bebecê Bico Fino Azul...,sapatilha feminina bebece bico fino azul,sapatilha feminina bebece bico fino azul
Bebecê,Caramelo,Dafiti,Sapatilha Feminina Bebecê Bico Fino Croc...,"Calçados,Calçados Femininos,Sapatilhas,Sapatilha Bico Fino","R$ 89,99","R$ 59,99","R$ 63,82",1x,Sapatilha Feminina Bebecê Bico Fino Croc...,sapatilha feminina bebece bico fino croc,sapatilha feminina bebece bico fino croc
Luiza Barcelos,Marrom,Dafiti,Bota Feminina Luiza Barcelos Cano Médio Marrom,"Calçados,Calçados Femininos,Botas,Bota Cano Médio","R$ 999,90","R$ 939,90","R$ 999,89",10x,Bota Feminina Luiza Barcelos Cano Médio Marrom,bota feminina luiza barcelos cano medio marrom,bota feminina luiza barcelos cano medio marrom
Puma,Vermelho,Dafiti,Tênis Puma Palermo Vermelho,"Calçados,Calçados Femininos,Tênis,Tênis Casual","R$ 549,99","R$ 339,99","R$ 361,69",6x,Tênis Puma Palermo Vermelho,tenis puma palermo vermelho,tenis puma palermo vermelho
Vizzano,Vermelho,Dafiti,Scarpin Vizzano Verniz Vermelho,"Calçados,Calçados Femininos,Scarpin","R$ 139,90","R$ 124,99","R$ 132,97",2x,Scarpin Vizzano Verniz Vermelho,scarpin vizzano verniz vermelho,scarpin vizzano verniz vermelho
Moleca,Marrom,Dafiti,Sapatilha Feminina Moleca Detalhe Laço Marrom,"Calçados,Calçados Femininos,Sapatilhas,Sapatilha Bico Redondo","R$ 59,90","R$ 44,99","R$ 47,86",1x,Sapatilha Feminina Moleca Detalhe Laço Marrom,sapatilha feminina moleca detalhe laco marrom,sapatilha feminina moleca detalhe laco marrom
Vizzano,Azul Marinho,Dafiti,Scarpin Feminino Vizzano Salto Grosso Bi...,"Calçados,Calçados Femininos,Scarpin","R$ 159,90","R$ 129,99","R$ 138,29",2x,Scarpin Feminino Vizzano Salto Grosso Bi...,scarpin feminino vizzano salto grosso bi,scarpin feminino vizzano salto grosso bi
Anacapri,Dourado,Dafiti,Rasteira Feminina Anacapri Tiras Dourada,"Calçados,Calçados Femininos,Rasteirinhas","R$ 129,90","R$ 89,99","R$ 95,73",1x,Rasteira Feminina Anacapri Tiras Dourada,rasteira feminina anacapri tiras dourada,rasteira feminina anacapri tiras dourada
Modare,Marrom,Dafiti,Mocassim Feminino Modare Detalhe Marrom,"Calçados,Calçados Femininos,Mocassim","R$ 149,90",,"R$ 149,90",2x,Mocassim Feminino Modare Detalhe Marrom,mocassim feminino modare detalhe marrom,mocassim feminino modare detalhe marrom
Kolosh,Branco,Dafiti,Chinelo Feminino Kolosh Slide Branco,"Calçados,Calçados Femininos,Chinelos","R$ 89,99","R$ 59,99","R$ 63,82",1x,Chinelo Feminino Kolosh Slide Branco,chinelo feminino kolosh slide branco,chinelo feminino kolosh slide branco
Dakota,Caramelo,Dafiti,Bota Feminina Dakota Cano Baixo Caramelo,"Calçados,Calçados Femininos,Botas,Bota Cano Curto","R$ 199,99","R$ 129,99","R$ 138,29",2x,Bota Feminina Dakota Cano Baixo Caramelo,bota feminina dakota cano baixo caramelo,bota feminina dakota cano baixo caramelo
Jorge Bischoff,Marrom,Dafiti,Sandália Feminina Jorge Bischoff Tiras C...,"Calçados,Calçados Femininos,Sandálias","R$ 399,00","R$ 229,99","R$ 244,67",4x,Sandália Feminina Jorge Bischoff Tiras C...,sandalia feminina jorge bischoff tiras c,sandalia feminina jorge bischoff tiras c
Moleca,Preto,Dafiti,Mule Feminino Moleca Detalhe Dourado Preto,"Calçados,Calçados Femininos,Mocassim","R$ 149,99","R$ 99,99","R$ 106,37",1x,Mule Feminino Moleca Detalhe Dourado Preto,mule feminino moleca detalhe dourado preto,mule feminino moleca detalhe dourado preto
Modare,Marrom,Dafiti,Scarpin Modare Bridão Marrom,"Calçados,Calçados Femininos,Scarpin","R$ 169,90","R$ 119,99","R$ 127,65",2x,Scarpin Modare Bridão Marrom,scarpin modare bridao marrom,scarpin modare bridao marrom
Moleca,Off-white,Dafiti,Sapatilha Feminina Moleca Laço Off White,"Calçados,Calçados Femininos,Sapatilhas,Sapatilha Bico Redondo","R$ 59,90","R$ 34,99","R$ 37,22",1x,Sapatilha Feminina Moleca Laço Off White,sapatilha feminina moleca laco off white,sapatilha feminina moleca laco off white
Lança Perfume,Dourado,Dafiti,Rasteira Feminina Lança Perfume Monograma Dourada,"Calçados,Calçados Femininos,Rasteirinhas","R$ 663,00","R$ 339,99","R$ 361,69",6x,Rasteira Feminina Lança Perfume Monograma Dourada,rasteira feminina lanca perfume monograma dourada,rasteira feminina lanca perfume monograma dourada
Jorge Bischoff,Off-white,Dafiti,Scarpin Jorge Bischoff Recortes Off-White,"Calçados,Calçados Femininos,Scarpin","R$ 499,00","R$ 279,99","R$ 297,86",4x,Scarpin Jorge Bischoff Recortes Off-White,scarpin jorge bischoff recortes off white,scarpin jorge bischoff recortes off white
adidas Originals,Marrom,Dafiti,Tênis Feminino Adidas Originals Handball...,"Calçados,Calçados Femininos,Tênis,Tênis Casual","R$ 899,99","R$ 845,98","R$ 899,98",10x,Tênis Feminino Adidas Originals Handball...,tenis feminino adidas originals handball,tenis feminino adidas originals handball
Moleca,Verde,Dafiti,Tênis Moleca Recorte Verde,"Calçados,Calçados Femininos,Tênis,Tênis Casual","R$ 169,90","R$ 109,99","R$ 117,01",1x,Tênis Moleca Recorte Verde,tenis moleca recorte verde,tenis moleca recorte verde
VIA UNO,Marrom,Dafiti,Bota Feminina VIA UNO Cano Baixo Marrom,"Calçados,Calçados Femininos,Botas,Bota Cano Curto","R$ 189,99","R$ 139,99","R$ 148,93",2x,Bota Feminina VIA UNO Cano Baixo Marrom,bota feminina via uno cano baixo marrom,bota feminina via uno cano baixo marrom
VIA UNO,Preto,Dafiti,Sandália VIA UNO Suede Preta,"Calçados,Calçados Femininos,Sandálias,Sandália Salto Grosso","R$ 129,99","R$ 104,99","R$ 111,69",1x,Sandália VIA UNO Suede Preta,sandalia via uno suede preta,sandalia via uno suede preta
Bebecê,Preto,Dafiti,Sapatilha Feminina Bebecê Detalhe Fivela Preta,"Calçados,Calçados Femininos,Sapatilhas,Sapatilha Bico Fino","R$ 99,99","R$ 74,99","R$ 79,78",1x,Sapatilha Feminina Bebecê Detalhe Fivela Preta,sapatilha feminina bebece detalhe fivela preta,sapatilha feminina bebece detalhe fivela preta
VIA UNO,Preto,Dafiti,Rasteira Feminina VIA UNO Tiras Cruzadas...,"Calçados,Calçados Femininos,Rasteirinhas","R$ 99,90","R$ 59,99","R$ 63,82",1x,Rasteira Feminina VIA UNO Tiras Cruzadas...,rasteira feminina via uno tiras cruzadas,rasteira feminina via uno tiras cruzadas
Dakota,Marrom,Dafiti,Sandália Dakota Aplicação Marrom,"Calçados,Calçados Femininos,Sandálias,Sandália Salto Grosso","R$ 200,00","R$ 139,99","R$ 148,93",2x,Sandália Dakota Aplicação Marrom,sandalia dakota aplicacao marrom,sandalia dakota aplicacao marrom
Santa Lolla,Preto,Dafiti,Scarpin Santa Lolla Liso Preto,"Calçados,Calçados Femininos,Scarpin","R$ 289,90","R$ 219,99","R$ 234,03",3x,Scarpin Santa Lolla Liso Preto,scarpin santa lolla liso preto,scarpin santa lolla liso preto
Santa Lolla,Caramelo,Dafiti,Sandália Feminina Santa Lolla Salto Alto Caramelo,"Calçados,Calçados Femininos,Sandálias,Sandália Salto Fino","R$ 199,90","R$ 149,99","R$ 159,56",2x,Sandália Feminina Santa Lolla Salto Alto Caramelo,sandalia feminina santa lolla salto alto caramelo,sandalia feminina santa lolla salto alto caramelo
Jorge Bischoff,Marrom,Dafiti,Rasteira Jorge Bischoff Tiras Largas Marrom,"Calçados,Calçados Femininos,Rasteirinhas","R$ 349,00","R$ 119,99","R$ 127,65",2x,Rasteira Jorge Bischoff Tiras Largas Marrom,rasteira jorge bischoff tiras largas marrom,rasteira jorge bischoff tiras largas marrom
Modare,Bege,Dafiti,Rasteira Feminina Modare Tiras Fivela Bege,"Calçados,Calçados Femininos,Rasteirinhas","R$ 119,90","R$ 89,99","R$ 95,73",1x,Rasteira Feminina Modare Tiras Fivela Bege,rasteira feminina modare tiras fivela bege,rasteira feminina modare tiras fivela bege
Vans,Preto,Dafiti,Tênis Feminino Vans Estampa Onça Preto,"Calçados,Calçados Femininos,Tênis,Tênis Casual","R$ 649,99","R$ 610,98","R$ 649,98",10x,Tênis Feminino Vans Estampa Onça Preto,tenis feminino vans estampa onca preto,tenis feminino vans estampa onca preto
Bottero,Marrom,Dafiti,Scarpin Feminino Bottero Salto Médio Vaz...,"Calçados,Calçados Femininos,Scarpin","R$ 299,99","R$ 159,99","R$ 170,20",2x,Scarpin Feminino Bottero Salto Médio Vaz...,scarpin feminino bottero salto medio vaz,scarpin feminino bottero salto medio vaz
Arezzo,Cinza,Dafiti,Tênis Feminino Arezzo Casual Cinza e Branco,"Calçados,Calçados Femininos,Tênis,Tênis Casual","R$ 179,90","R$ 169,10","R$ 179,89",3x,Tênis Feminino Arezzo Casual Cinza e Branco,tenis feminino arezzo casual cinza e branco,tenis feminino arezzo casual cinza branco
Vizzano,Off-white,Dafiti,Sandália Feminina Vizzano Plataforma Sal...,"Calçados,Calçados Femininos,Tamanco","R$ 169,99","R$ 119,99","R$ 127,65",2x,Sandália Feminina Vizzano Plataforma Sal...,sandalia feminina vizzano plataforma sal,sandalia feminina vizzano plataforma sal
Bottero,Nude,Dafiti,Sandália Feminina Bottero Salto Médio Nude,"Calçados,Calçados Femininos,Sandálias,Sandália Salto Grosso","R$ 269,99","R$ 199,99","R$ 212,76",3x,Sandália Feminina Bottero Salto Médio Nude,sandalia feminina bottero salto medio nude,sandalia feminina bottero salto medio nude
Vizzano,Marrom,Dafiti,Bota Feminina Vizzano Cano Baixo Salto Fino Marrom,"Calçados,Calçados Femininos,Botas,Bota Cano Curto","R$ 219,90","R$ 149,99","R$ 159,56",2x,Bota Feminina Vizzano Cano Baixo Salto Fino Marrom,bota feminina vizzano cano baixo salto fino marrom,bota feminina vizzano cano baixo salto fino marrom
Via Marte,Bege,Dafiti,Tênis Feminino Via Marte Chunky Cadarço Bege,"Calçados,Calçados Femininos,Tênis,Tênis Casual","R$ 279,99","R$ 189,99","R$ 202,12",3x,Tênis Feminino Via Marte Chunky Cadarço Bege,tenis feminino via marte chunky cadarco bege,tenis feminino via marte chunky cadarco bege
Bebecê,Off-white,Dafiti,Scarpin Bebecê Tira Hotfix Off-White,"Calçados,Calçados Femininos,Scarpin","R$ 129,99","R$ 99,99","R$ 106,37",1x,Scarpin Bebecê Tira Hotfix Off-White,scarpin bebece tira hotfix off white,scarpin bebece tira hotfix off white
VIA UNO,Preto,Dafiti,Sandália Via Uno Tiras Transpasse Preta,"Calçados,Calçados Femininos,Sandálias,Sandália Salto Grosso","R$ 119,99","R$ 89,99","R$ 95,73",1x,Sandália Via Uno Tiras Transpasse Preta,sandalia via uno tiras transpasse preta,sandalia via uno tiras transpasse preta
Santa Lolla,Preto,Dafiti,Sandália Feminina Santa Lolla Laço Preta,"Calçados,Calçados Femininos,Sandálias,Sandália Anabela","R$ 289,90","R$ 199,99","R$ 212,76",3x,Sandália Feminina Santa Lolla Laço Preta,sandalia feminina santa lolla laco preta,sandalia feminina santa lolla laco preta
Bottero,Off-white,Dafiti,Tênis Bottero Recorte Off-White,"Calçados,Calçados Femininos,Tênis,Tênis Casual","R$ 269,99","R$ 199,99","R$ 212,76",3x,Tênis Bottero Recorte Off-White,tenis bottero recorte off white,tenis bottero recorte off white
Moleca,Off-white,Dafiti,Sapatilha Feminina Moleca Detalhe Laço Off-White,"Calçados,Calçados Femininos,Sapatilhas,Sapatilha Bico Redondo","R$ 59,90","R$ 39,99","R$ 42,54",1x,Sapatilha Feminina Moleca Detalhe Laço Off-White,sapatilha feminina moleca detalhe laco off white,sapatilha feminina moleca detalhe laco off white
Kolosh,Cinza,Dafiti,Tênis Slip On Kolosh Knit Cinza,"Calçados,Calçados Femininos,Tênis,Tênis Casual","R$ 179,99","R$ 109,99","R$ 117,01",1x,Tênis Slip On Kolosh Knit Cinza,tenis slip on kolosh knit cinza,tenis slip on kolosh knit cinza
Kolosh,Branco,Dafiti,Slipper Kolosh Matelassê Branco,"Calçados,Calçados Femininos,Slippers","R$ 149,99","R$ 109,99","R$ 117,01",1x,Slipper Kolosh Matelassê Branco,slipper kolosh matelasse branco,slipper kolosh matelasse branco
Anacapri,Bege,Dafiti,Rasteira Feminina Anacapri Tachas Bege,"Calçados,Calçados Femininos,Rasteirinhas","R$ 149,99","R$ 109,99","R$ 117,01",1x,Rasteira Feminina Anacapri Tachas Bege,rasteira feminina anacapri tachas bege,rasteira feminina anacapri tachas bege
Santa Lolla,Caramelo,Dafiti,Mocassim Feminino Santa Lolla Bico Along...,"Calçados,Calçados Femininos,Mocassim","R$ 199,90","R$ 154,99","R$ 164,88",2x,Mocassim Feminino Santa Lolla Bico Along...,mocassim feminino santa lolla bico along,mocassim feminino santa lolla bico along
Modare,Preto,Dafiti,Sandália Modare Tiras Preta,"Calçados,Calçados Femininos,Sandálias,Sandália Salto Grosso","R$ 149,90","R$ 109,99","R$ 117,01",1x,Sandália Modare Tiras Preta,sandalia modare tiras preta,sandalia modare tiras preta
Santa Lolla,Preto,Dafiti,Sapatilha Mule Santa Lolla Tiras E Fivelas Preto,"Calçados,Calçados Femininos,Sapatilhas,Sapatilha Bico Fino","R$ 199,90","R$ 119,99","R$ 127,65",2x,Sapatilha Mule Santa Lolla Tiras E Fivelas Preto,sapatilha mule santa lolla tiras e fivelas preto,sapatilha mule santa lolla tiras fivelas preto
Colcci,Vermelho,Dafiti,Chinelo Colcci Logo Vermelho,"Calçados,Calçados Femininos,Chinelos","R$ 79,99","R$ 39,99","R$ 42,54",1x,Chinelo Colcci Logo Vermelho,chinelo colcci logo vermelho,chinelo colcci logo vermelho
Santa Lolla,Branco,Dafiti,Tênis Feminino Santa Lolla Cadarço Branco,"Calçados,Calçados Femininos,Tênis,Tênis Casual","R$ 199,90","R$ 129,99","R$ 138,29",2x,Tênis Feminino Santa Lolla Cadarço Branco,tenis feminino santa lolla cadarco branco,tenis feminino santa lolla cadarco branco
Jorge Bischoff,Azul Marinho,Dafiti,Sapatilha Slingback Feminina Jorge Bisch...,"Calçados,Calçados Femininos,Sapatilhas,Sapatilha Bico Fino","R$ 470,00","R$ 284,99","R$ 303,18",5x,Sapatilha Slingback Feminina Jorge Bisch...,sapatilha slingback feminina jorge bisch,sapatilha slingback feminina jorge bisch
VIA UNO,Dourado,Dafiti,Sapatilha Feminina VIA UNO Laço Delicado Dourado,"Calçados,Calçados Femininos,Sapatilhas,Sapatilha Bico Redondo","R$ 99,99","R$ 79,99","R$ 85,10",1x,Sapatilha Feminina VIA UNO Laço Delicado Dourado,sapatilha feminina via uno laco delicado dourado,sapatilha feminina via uno laco delicado dourado
Mooncity,Preto,Dafiti,Bota Mooncity Cano Alto Fivela Preta,"Calçados,Calçados Femininos,Botas,Bota Montaria e Cano Longo","R$ 239,99","R$ 184,99","R$ 196,80",3x,Bota Mooncity Cano Alto Fivela Preta,bota mooncity cano alto fivela preta,bota mooncity cano alto fivela preta
Anacapri,Branco,Dafiti,Tênis ANACAPRI Recorte Branco,"Calçados,Calçados Femininos,Tênis,Tênis Casual","R$ 189,90","R$ 159,99","R$ 170,20",2x,Tênis ANACAPRI Recorte Branco,tenis anacapri recorte branco,tenis anacapri recorte branco
Santa Lolla,Bege,Dafiti,Tênis com Cadarço Feminino Santa Lolla C...,"Calçados,Calçados Femininos,Tênis,Tênis Casual","R$ 269,90","R$ 189,99","R$ 202,12",3x,Tênis com Cadarço Feminino Santa Lolla C...,tenis com cadarco feminino santa lolla c,tenis cadarco feminino santa lolla c
Vizzano,Off-white,Dafiti,Rasteira Feminina Vizzano Tiras Pedraria Off-White,"Calçados,Calçados Femininos,Rasteirinhas","R$ 119,90","R$ 89,99","R$ 95,73",1x,Rasteira Feminina Vizzano Tiras Pedraria Off-White,rasteira feminina vizzano tiras pedraria off white,rasteira feminina vizzano tiras pedraria off white
Melissa,Preto,Dafiti,Sandália Feminina Melissa Tiras Slide Preta,"Calçados,Calçados Femininos,Sandálias","R$ 169,90","R$ 159,70","R$ 169,89",2x,Sandália Feminina Melissa Tiras Slide Preta,sandalia feminina melissa tiras slide preta,sandalia feminina melissa tiras slide preta
Arezzo,Marrom,Dafiti,Scarpin Arezzo Bico Fino Salto Fino Warm Toffee,"Calçados,Calçados Femininos,Scarpin","R$ 379,99","R$ 357,19","R$ 379,99",6x,Scarpin Arezzo Bico Fino Salto Fino Warm Toffee,scarpin arezzo bico fino salto fino warm toffee,scarpin arezzo bico fino salto fino warm toffee
Colcci,Off-white,Dafiti,Chinelo Colcci Manila Off-White,"Calçados,Calçados Femininos,Chinelos","R$ 79,99","R$ 44,99","R$ 47,86",1x,Chinelo Colcci Manila Off-White,chinelo colcci manila off white,chinelo colcci manila off white
Melissa,Marrom,Dafiti,Sandália Feminina Melissa Plataforma Ani...,"Calçados,Calçados Femininos,Sandálias","R$ 349,90","R$ 328,90","R$ 349,89",5x,Sandália Feminina Melissa Plataforma Ani...,sandalia feminina melissa plataforma ani,sandalia feminina melissa plataforma ani
Via Marte,Branco,Dafiti,Tênis Feminino Via Marte Detalhes Metali...,"Calçados,Calçados Femininos,Tênis,Tênis Casual","R$ 199,99","R$ 139,99","R$ 148,93",2x,Tênis Feminino Via Marte Detalhes Metali...,tenis feminino via marte detalhes metali,tenis feminino via marte detalhes metali
Jorge Bischoff,Marrom,Dafiti,Sandália Feminina Jorge Bischoff Salto B...,"Calçados,Calçados Femininos,Sandálias,Sandália Salto Grosso","R$ 549,00","R$ 249,99","R$ 265,95",4x,Sandália Feminina Jorge Bischoff Salto B...,sandalia feminina jorge bischoff salto b,sandalia feminina jorge bischoff salto b
Vizzano,Preto,Dafiti,Sandália Feminina Vizzano Salto Alto com...,"Calçados,Calçados Femininos,Sandálias","R$ 179,90","R$ 99,99","R$ 106,37",1x,Sandália Feminina Vizzano Salto Alto com...,sandalia feminina vizzano salto alto com,sandalia feminina vizzano salto alto
Via Marte,Preto,Dafiti,Tênis Feminino Via Marte Cadarço Preto,"Calçados,Calçados Femininos,Tênis,Tênis Casual","R$ 189,99","R$ 139,99","R$ 148,93",2x,Tênis Feminino Via Marte Cadarço Preto,tenis feminino via marte cadarco preto,tenis feminino via marte cadarco preto
Bebecê,Branco,Dafiti,Sapatilha Feminina Bebecê Ponta Fina Branca,"Calçados,Calçados Femininos,Sapatilhas,Sapatilha Bico Fino","R$ 89,99","R$ 64,99","R$ 69,14",1x,Sapatilha Feminina Bebecê Ponta Fina Branca,sapatilha feminina bebece ponta fina branca,sapatilha feminina bebece ponta fina branca
adidas Originals,Azul,Dafiti,Tênis Unissex adidas Originals Gazelle I...,"Calçados,Calçados Femininos,Tênis,Tênis Casual,Calçados Masculinos,Tênis,Tênis Casual","R$ 699,99","R$ 657,98","R$ 699,98",10x,Tênis Unissex adidas Originals Gazelle I...,tenis unissex adidas originals gazelle i,tenis unissex adidas originals gazelle i
Jorge Bischoff,Nude,Dafiti,Sandália Feminina Jorge Bischoff Salto Bloco Nude,"Calçados,Calçados Femininos,Sandálias,Sandália Salto Grosso","R$ 429,00","R$ 259,99","R$ 276,59",4x,Sandália Feminina Jorge Bischoff Salto Bloco Nude,sandalia feminina jorge bischoff salto bloco nude,sandalia feminina jorge bischoff salto bloco nude
Vizzano,Off-white,Dafiti,Rasteira Feminina Vizzano Pedrarias Off-White,"Calçados,Calçados Femininos,Rasteirinhas","R$ 119,90","R$ 89,99","R$ 95,73",1x,Rasteira Feminina Vizzano Pedrarias Off-White,rasteira feminina vizzano pedrarias off white,rasteira feminina vizzano pedrarias off white
Beira Rio,Branco,Dafiti,Tênis Feminino Beira Rio Cadarço Branco,"Calçados,Calçados Femininos,Tênis,Tênis Casual","R$ 129,99","R$ 99,99","R$ 106,37",1x,Tênis Feminino Beira Rio Cadarço Branco,tenis feminino beira rio cadarco branco,tenis feminino beira rio cadarco branco
adidas Originals,Preto,Dafiti,Tênis Unissex adidas Originals Handball ...,"Calçados,Calçados Femininos,Tênis,Tênis Casual,Calçados Masculinos,Tênis,Tênis Casual","R$ 799,99","R$ 751,98","R$ 799,98",10x,Tênis Unissex adidas Originals Handball ...,tenis unissex adidas originals handball,tenis unissex adidas originals handball
Modare,Marrom,Dafiti,Mocassim Feminino Modare Detalhe em Tira Marrom,"Calçados,Calçados Femininos,Mocassim","R$ 149,90","R$ 124,99","R$ 132,97",2x,Mocassim Feminino Modare Detalhe em Tira Marrom,mocassim feminino modare detalhe em tira marrom,mocassim feminino modare detalhe tira marrom
Moleca,Marrom,Dafiti,Sapatilha Feminina Moleca Detalhe Frontal Marrom,"Calçados,Calçados Femininos,Sapatilhas,Sapatilha Bico Redondo","R$ 99,90",,"R$ 99,90",1x,Sapatilha Feminina Moleca Detalhe Frontal Marrom,sapatilha feminina moleca detalhe frontal marrom,sapatilha feminina moleca detalhe frontal marrom
Luiza Barcelos,Preto,Dafiti,Bota Over The Knee Luiza Barcelos Cano Alto Preta,"Calçados,Calçados Femininos,Botas,Bota Montaria e Cano Longo","R$ 1.299,90","R$ 1.221,90","R$ 1.299,89",10x,Bota Over The Knee Luiza Barcelos Cano Alto Preta,bota over the knee luiza barcelos cano alto preta,bota over the knee luiza barcelos cano alto preta
Modare,Marrom,Dafiti,Bota Feminina Modare Cano Curto Marrom,"Calçados,Calçados Femininos,Botas,Bota Cano Curto","R$ 249,90","R$ 169,99","R$ 180,84",3x,Bota Feminina Modare Cano Curto Marrom,bota feminina modare cano curto marrom,bota feminina modare cano curto marrom
Fila,Branco,Dafiti,Tênis Feminino Fila Runner 2k Branco,"Calçados,Calçados Femininos,Tênis,Tênis Casual","R$ 499,99",,"R$ 499,99",8x,Tênis Feminino Fila Runner 2k Branco,tenis feminino fila runner 2k branco,tenis feminino fila runner 2k branco
Santa Lolla,Prata,Dafiti,Rasteira Feminina Santa Lolla Fechada Me...,"Calçados,Calçados Femininos,Rasteirinhas","R$ 149,90","R$ 89,99","R$ 95,73",1x,Rasteira Feminina Santa Lolla Fechada Me...,rasteira feminina santa lolla fechada me,rasteira feminina santa lolla fechada
Moleca,Dourado,Dafiti,Tênis Feminino Moleca Cadarço Sola Média...,"Calçados,Calçados Femininos,Tênis,Tênis Casual","R$ 119,99",,"R$ 119,99",2x,Tênis Feminino Moleca Cadarço Sola Média...,tenis feminino moleca cadarco sola media,tenis feminino moleca cadarco sola media
Kolosh,Preto,Dafiti,Tênis Feminino Kolosh Slip On Knit Preto,"Calçados,Calçados Femininos,Tênis,Tênis Casual","R$ 179,99","R$ 129,99","R$ 138,29",2x,Tênis Feminino Kolosh Slip On Knit Preto,tenis feminino kolosh slip on knit preto,tenis feminino kolosh slip on knit preto
Jorge Bischoff,Caramelo,Dafiti,Scarpin Jorge Bischoff Recorte Caramelo,"Calçados,Calçados Femininos,Scarpin","R$ 589,00","R$ 259,99","R$ 276,59",4x,Scarpin Jorge Bischoff Recorte Caramelo,scarpin jorge bischoff recorte caramelo,scarpin jorge bischoff recorte caramelo
Vizzano,Bege,Dafiti,Tênis Vizzano Com Cadarço Bege,"Calçados,Calçados Femininos,Tênis,Tênis Casual","R$ 119,99","R$ 54,99","R$ 58,50",1x,Tênis Vizzano Com Cadarço Bege,tenis vizzano com cadarco bege,tenis vizzano cadarco bege
Modare,Preto,Dafiti,Mocassim Mule Modare Médio Preto,"Calçados,Calçados Femininos,Mocassim","R$ 139,99","R$ 109,99","R$ 117,01",1x,Mocassim Mule Modare Médio Preto,mocassim mule modare medio preto,mocassim mule modare medio preto
VIA UNO,Bege,Dafiti,Rasteira Via Uno Bege,"Calçados,Calçados Femininos,Rasteirinhas","R$ 84,99","R$ 44,99","R$ 47,86",1x,Rasteira Via Uno Bege,rasteira via uno bege,rasteira via uno bege
Jorge Bischoff,Preto,Dafiti,Mule Feminino Jorge Bischoff Fivela Croco Preto,"Calçados,Calçados Femininos,Mocassim","R$ 699,00","R$ 329,99","R$ 351,05",5x,Mule Feminino Jorge Bischoff Fivela Croco Preto,mule feminino jorge bischoff fivela croco preto,mule feminino jorge bischoff fivela croco preto
Beira Rio,Caramelo,Dafiti,Mocassim Beira Rio Aplicação Caramelo,"Calçados,Calçados Femininos,Mocassim","R$ 129,90","R$ 54,99","R$ 58,50",1x,Mocassim Beira Rio Aplicação Caramelo,mocassim beira rio aplicacao caramelo,mocassim beira rio aplicacao caramelo
Vizzano,Rosa,Dafiti,Rasteira Vizzano Lisa Rosa,"Calçados,Calçados Femininos,Rasteirinhas","R$ 79,90","R$ 39,99","R$ 42,54",1x,Rasteira Vizzano Lisa Rosa,rasteira vizzano lisa rosa,rasteira vizzano lisa rosa
Bottero,Caramelo,Dafiti,Sandália Feminina Bottero Salto Anabela Caramelo,"Calçados,Calçados Femininos,Sandálias,Sandália Anabela","R$ 299,99","R$ 199,99","R$ 212,76",3x,Sandália Feminina Bottero Salto Anabela Caramelo,sandalia feminina bottero salto anabela caramelo,sandalia feminina bottero salto anabela caramelo
Moleca,Branco,Dafiti,Tênis Feminino Moleca Listras Branco e Rosa,"Calçados,Calçados Femininos,Tênis,Tênis Casual","R$ 139,90","R$ 69,99","R$ 74,46",1x,Tênis Feminino Moleca Listras Branco e Rosa,tenis feminino moleca listras branco e rosa,tenis feminino moleca listras branco rosa
Santa Lolla,Preto,Dafiti,Sandália Feminina Santa Lolla Salto Taça...,"Calçados,Calçados Femininos,Sandálias","R$ 229,90","R$ 139,99","R$ 148,93",2x,Sandália Feminina Santa Lolla Salto Taça...,sandalia feminina santa lolla salto taca,sandalia feminina santa lolla salto taca
Moleca,Nude,Dafiti,Rasteira Feminina Moleca Tira Pedraria Nude,"Calçados,Calçados Femininos,Rasteirinhas","R$ 119,90","R$ 79,99","R$ 85,10",1x,Rasteira Feminina Moleca Tira Pedraria Nude,rasteira feminina moleca tira pedraria nude,rasteira feminina moleca tira pedraria nude
Vizzano,Marrom,Dafiti,Scarpin Feminino Vizzano Salto Médio Env...,"Calçados,Calçados Femininos,Scarpin","R$ 169,90","R$ 89,99","R$ 95,73",1x,Scarpin Feminino Vizzano Salto Médio Env...,scarpin feminino vizzano salto medio env,scarpin feminino vizzano salto medio env
Osklen,Off-white,Dafiti,Tênis Osklen Textil Off-White,"Calçados,Calçados Femininos,Tênis,Tênis Casual","R$ 547,00","R$ 379,99","R$ 404,24",6x,Tênis Osklen Textil Off-White,tenis osklen textil off white,tenis osklen textil off white
Santa Lolla,Marrom,Dafiti,Sandália Feminina Santa Lolla Tiras Baixa Marrom,"Calçados,Calçados Femininos,Sandálias","R$ 249,90","R$ 179,99","R$ 191,48",3x,Sandália Feminina Santa Lolla Tiras Baixa Marrom,sandalia feminina santa lolla tiras baixa marrom,sandalia feminina santa lolla tiras baixa marrom
Bottero,Caramelo,Dafiti,Bota Feminina Bottero Cano Baixo Salto Q...,"Calçados,Calçados Femininos,Botas,Bota Cano Curto","R$ 349,99","R$ 249,99","R$ 265,95",4x,Bota Feminina Bottero Cano Baixo Salto Q...,bota feminina bottero cano baixo salto q,bota feminina bottero cano baixo salto q
Coca Cola,Preto,Dafiti,Tênis Feminino Coca Cola Urbano Retrô Preto,"Calçados,Calçados Femininos,Tênis,Tênis Casual","R$ 189,90","R$ 99,99","R$ 106,37",1x,Tênis Feminino Coca Cola Urbano Retrô Preto,tenis feminino coca cola urbano retro preto,tenis feminino coca cola urbano retro preto
Moleca,Marrom,Dafiti,Tênis Feminino Moleca Cadarço Marrom,"Calçados,Calçados Femininos,Tênis,Tênis Casual","R$ 79,90","R$ 54,99","R$ 58,50",1x,Tênis Feminino Moleca Cadarço Marrom,tenis feminino moleca cadarco marrom,tenis feminino moleca cadarco marrom
Bebecê,Verde,Dafiti,Sapatilha Feminina Bebecê Bico Fino Verde Oliva,"Calçados,Calçados Femininos,Sapatilhas,Sapatilha Bico Fino","R$ 89,99","R$ 69,99","R$ 74,46",1x,Sapatilha Feminina Bebecê Bico Fino Verde Oliva,sapatilha feminina bebece bico fino verde oliva,sapatilha feminina bebece bico fino verde oliva
Moleca,Preto,Dafiti,Sapatilha Moleca Detalhe Metal Preta,"Calçados,Calçados Femininos,Sapatilhas,Sapatilha Bico Fino","R$ 59,90","R$ 39,99","R$ 42,54",1x,Sapatilha Moleca Detalhe Metal Preta,sapatilha moleca detalhe metal preta,sapatilha moleca detalhe metal preta
Modare,Nude,Dafiti,Sandália Feminina Modare Salto Bloco Nude,"Calçados,Calçados Femininos,Tamanco","R$ 149,99","R$ 84,99","R$ 90,41",1x,Sandália Feminina Modare Salto Bloco Nude,sandalia feminina modare salto bloco nude,sandalia feminina modare salto bloco nude
Asics,Preto,Dafiti,Tênis Feminino Asics Novablast 5 Preto,"Calçados,Calçados Femininos,Tênis,Tênis Casual","R$ 1.099,99","R$ 689,99","R$ 734,03",10x,Tênis Feminino Asics Novablast 5 Preto,tenis feminino asics novablast 5 preto,tenis feminino asics novablast 5 preto
Modare,Bege,Dafiti,Scarpin Mule Modare Bridão Bege,"Calçados,Calçados Femininos,Scarpin","R$ 149,90","R$ 109,99","R$ 117,01",1x,Scarpin Mule Modare Bridão Bege,scarpin mule modare bridao bege,scarpin mule modare bridao bege
adidas Originals,Marrom,Dafiti,Tênis Feminino adidas Originals Sl 72 Og W Marrom,"Calçados,Calçados Femininos,Tênis,Tênis Casual","R$ 699,99","R$ 519,99","R$ 553,18",9x,Tênis Feminino adidas Originals Sl 72 Og W Marrom,tenis feminino adidas originals sl 72 og w marrom,tenis feminino adidas originals sl 72 og w marrom
Moleca,Off-white,Dafiti,Tênis Feminino Moleca Cadarço Off-White,"Calçados,Calçados Femininos,Tênis,Tênis Casual","R$ 139,90","R$ 99,99","R$ 106,37",1x,Tênis Feminino Moleca Cadarço Off-White,tenis feminino moleca cadarco off white,tenis feminino moleca cadarco off white
Beira Rio,Preto,Dafiti,Sandália Feminina Beira Rio Tiras Finas ...,"Calçados,Calçados Femininos,Sandálias,Sandália Salto Grosso","R$ 129,90","R$ 109,99","R$ 117,01",1x,Sandália Feminina Beira Rio Tiras Finas ...,sandalia feminina beira rio tiras finas,sandalia feminina beira rio tiras finas
Vizzano,Marrom,Dafiti,Bota Feminina Vizzano Cano Curto Salto B...,"Calçados,Calçados Femininos,Botas,Bota Cano Curto","R$ 259,90","R$ 199,99","R$ 212,76",3x,Bota Feminina Vizzano Cano Curto Salto B...,bota feminina vizzano cano curto salto b,bota feminina vizzano cano curto salto b
Bebecê,Bege,Dafiti,Sapatilha Feminina Bebecê Detalhe Croco Bege,"Calçados,Calçados Femininos,Sapatilhas,Sapatilha Bico Fino","R$ 89,99",,"R$ 89,99",1x,Sapatilha Feminina Bebecê Detalhe Croco Bege,sapatilha feminina bebece detalhe croco bege,sapatilha feminina bebece detalhe croco bege
Lança Perfume,Preto,Dafiti,Sandália Feminina Lança Perfume Preta Sa...,"Calçados,Calçados Femininos,Sandálias","R$ 397,00","R$ 249,99","R$ 265,95",4x,Sandália Feminina Lança Perfume Preta Sa...,sandalia feminina lanca perfume preta sa,sandalia feminina lanca perfume preta sa
Vizzano,Branco,Dafiti,Tênis Vizzano Animal Print Vaca Branco,"Calçados,Calçados Femininos,Tênis,Tênis Casual","R$ 159,90","R$ 79,99","R$ 85,10",1x,Tênis Vizzano Animal Print Vaca Branco,tenis vizzano animal print vaca branco,tenis vizzano animal print vaca branco
Santa Lolla,Marrom,Dafiti,Tênis Feminino Santa Lolla Slip On Marrom,"Calçados,Calçados Femininos,Tênis,Tênis Casual","R$ 149,90","R$ 104,99","R$ 111,69",1x,Tênis Feminino Santa Lolla Slip On Marrom,tenis feminino santa lolla slip on marrom,tenis feminino santa lolla slip on marrom
Vans,Marrom,Dafiti,Tênis Unissex Vans Old Skool Marrom,"Calçados,Calçados Femininos,Tênis,Tênis Casual,Calçados Masculinos,Tênis,Tênis Casual","R$ 379,99","R$ 357,19","R$ 379,99",6x,Tênis Unissex Vans Old Skool Marrom,tenis unissex vans old skool marrom,tenis unissex vans old skool marrom
Santa Lolla,Prata,Dafiti,Rasteira Feminina Santa Lolla Esferas Me...,"Calçados,Calçados Femininos,Rasteirinhas","R$ 129,90","R$ 104,99","R$ 111,69",1x,Rasteira Feminina Santa Lolla Esferas Me...,rasteira feminina santa lolla esferas me,rasteira feminina santa lolla esferas
Bebecê,Preto,Dafiti,Sandália Anabela Bebecê Lisa Preta,"Calçados,Calçados Femininos,Sandálias,Sandália Anabela","R$ 109,99","R$ 84,99","R$ 90,41",1x,Sandália Anabela Bebecê Lisa Preta,sandalia anabela bebece lisa preta,sandalia anabela bebece lisa preta
Dakota,Marrom,Dafiti,Bota Cano Baixo Feminina Dakota Marrom,"Calçados,Calçados Femininos,Botas,Bota Cano Curto","R$ 219,99","R$ 139,99","R$ 148,93",2x,Bota Cano Baixo Feminina Dakota Marrom,bota cano baixo feminina dakota marrom,bota cano baixo feminina dakota marrom
Vizzano,Marrom,Dafiti,Rasteira Feminina Vizzano Tachas Marrom,"Calçados,Calçados Femininos,Rasteirinhas","R$ 149,90","R$ 109,99","R$ 117,01",1x,Rasteira Feminina Vizzano Tachas Marrom,rasteira feminina vizzano tachas marrom,rasteira feminina vizzano tachas marrom
Bottero,Off-white,Dafiti,Scarpin Feminino Bottero Couro Salto Méd...,"Calçados,Calçados Femininos,Scarpin","R$ 329,99",,"R$ 329,99",5x,Scarpin Feminino Bottero Couro Salto Méd...,scarpin feminino bottero couro salto med,scarpin feminino bottero couro salto med
Via Marte,Nude,Dafiti,Sandália Feminina Via Marte Salto Bloco ...,"Calçados,Calçados Femininos,Sandálias","R$ 229,99","R$ 129,99","R$ 138,29",2x,Sandália Feminina Via Marte Salto Bloco ...,sandalia feminina via marte salto bloco,sandalia feminina via marte salto bloco
Beira Rio,Preto,Dafiti,Sandália Feminina Beira Rio Salto Grosso...,"Calçados,Calçados Femininos,Sandálias","R$ 139,90","R$ 59,99","R$ 63,82",1x,Sandália Feminina Beira Rio Salto Grosso...,sandalia feminina beira rio salto grosso,sandalia feminina beira rio salto grosso
Vans,Preto,Dafiti,Tênis Unissex Vans Ua Mte Ultrarange 2.0 Rw Preto,"Calçados,Calçados Femininos,Tênis,Tênis Casual,Calçados Masculinos,Tênis,Tênis Casual","R$ 699,99","R$ 657,98","R$ 699,98",10x,Tênis Unissex Vans Ua Mte Ultrarange 2.0 Rw Preto,tenis unissex vans ua mte ultrarange 2 0 rw preto,tenis unissex vans ua mte ultrarange 2 0 rw preto
Arezzo,Marrom,Dafiti,Sandália Média Arezzo Tiras Nó Salto Blo...,"Calçados,Calçados Femininos,Sandálias","R$ 319,99","R$ 300,79","R$ 319,99",5x,Sandália Média Arezzo Tiras Nó Salto Blo...,sandalia media arezzo tiras no salto blo,sandalia media arezzo tiras salto blo
Modare,Preto,Dafiti,Tênis Feminino Modare Casual Detalhe Cos...,"Calçados,Calçados Femininos,Tênis,Tênis Casual","R$ 149,90","R$ 104,99","R$ 111,69",1x,Tênis Feminino Modare Casual Detalhe Cos...,tenis feminino modare casual detalhe cos,tenis feminino modare casual detalhe cos
Modare,Marrom,Dafiti,Sapatilha Feminina Modare Bico Fino Fivela Marrom,"Calçados,Calçados Femininos,Sapatilhas,Sapatilha Bico Fino","R$ 139,90","R$ 99,99","R$ 106,37",1x,Sapatilha Feminina Modare Bico Fino Fivela Marrom,sapatilha feminina modare bico fino fivela marrom,sapatilha feminina modare bico fino fivela marrom
Beira Rio,Marrom,Dafiti,Scarpin Feminino Beira Rio Bico Fino Det...,"Calçados,Calçados Femininos,Scarpin","R$ 159,99","R$ 94,99","R$ 101,05",1x,Scarpin Feminino Beira Rio Bico Fino Det...,scarpin feminino beira rio bico fino det,scarpin feminino beira rio bico fino det
VIA UNO,Marrom,Dafiti,Sandália Feminina VIA UNO Salto Anabela Marrom,"Calçados,Calçados Femininos,Tamanco","R$ 139,99","R$ 89,99","R$ 95,73",1x,Sandália Feminina VIA UNO Salto Anabela Marrom,sandalia feminina via uno salto anabela marrom,sandalia feminina via uno salto anabela marrom
Melissa,Bege,Dafiti,Sandália Feminina Melissa Média Bege,"Calçados,Calçados Femininos,Sandálias,Sandália Plataforma","R$ 299,90","R$ 281,90","R$ 299,89",5x,Sandália Feminina Melissa Média Bege,sandalia feminina melissa media bege,sandalia feminina melissa media bege
Modare,Laranja,Dafiti,Scarpin Slingback Modare Bridão Laranja,"Calçados,Calçados Femininos,Scarpin","R$ 159,90","R$ 99,99","R$ 106,37",1x,Scarpin Slingback Modare Bridão Laranja,scarpin slingback modare bridao laranja,scarpin slingback modare bridao laranja
Anacapri,Bege,Dafiti,Rasteira Feminina Anacapri Aberta Bege,"Calçados,Calçados Femininos,Rasteirinhas","R$ 149,90","R$ 89,99","R$ 95,73",1x,Rasteira Feminina Anacapri Aberta Bege,rasteira feminina anacapri aberta bege,rasteira feminina anacapri aberta bege
Bottero,Caramelo,Dafiti,Tamanco Feminino Bottero Salto Bloco Tac...,"Calçados,Calçados Femininos,Scarpin","R$ 369,99","R$ 199,99","R$ 212,76",3x,Tamanco Feminino Bottero Salto Bloco Tac...,tamanco feminino bottero salto bloco tac,tamanco feminino bottero salto bloco tac
Kolosh,Branco,Dafiti,Tênis Kolosh Matelassê Branco,"Calçados,Calçados Femininos,Tênis,Tênis Casual","R$ 169,99","R$ 124,99","R$ 132,97",2x,Tênis Kolosh Matelassê Branco,tenis kolosh matelasse branco,tenis kolosh matelasse branco
Kolosh,Branco,Dafiti,Tênis Slip On Kolosh Recorte Branco,"Calçados,Calçados Femininos,Tênis,Tênis Casual","R$ 189,99","R$ 129,99","R$ 138,29",2x,Tênis Slip On Kolosh Recorte Branco,tenis slip on kolosh recorte branco,tenis slip on kolosh recorte branco
Vizzano,Nude,Dafiti,Tênis Vizzano Recortes Nude,"Calçados,Calçados Femininos,Tênis,Tênis Casual","R$ 169,99","R$ 119,99","R$ 127,65",2x,Tênis Vizzano Recortes Nude,tenis vizzano recortes nude,tenis vizzano recortes nude
Modare,Off-white,Dafiti,Scarpin Modare Médio Liso Off-White,"Calçados,Calçados Femininos,Scarpin","R$ 179,90","R$ 119,99","R$ 127,65",2x,Scarpin Modare Médio Liso Off-White,scarpin modare medio liso off white,scarpin modare medio liso off white
Via Marte,Marrom,Dafiti,Tênis Feminino Via Marte Marrom com Cada...,"Calçados,Calçados Femininos,Tênis,Tênis Casual","R$ 239,99","R$ 129,99","R$ 138,29",2x,Tênis Feminino Via Marte Marrom com Cada...,tenis feminino via marte marrom com cada,tenis feminino via marte marrom cada
adidas Sportswear,Bege,Dafiti,Tênis Feminino Adidas Sportswear Lightbl...,"Calçados,Calçados Femininos,Tênis,Tênis Casual","R$ 699,99","R$ 539,99","R$ 574,46",9x,Tênis Feminino Adidas Sportswear Lightbl...,tenis feminino adidas sportswear lightbl,tenis feminino adidas sportswear lightbl
Modare,Marrom,Dafiti,Scarpin Feminino Modare Slingback Salto ...,"Calçados,Calçados Femininos,Scarpin","R$ 159,90","R$ 109,99","R$ 117,01",1x,Scarpin Feminino Modare Slingback Salto ...,scarpin feminino modare slingback salto,scarpin feminino modare slingback salto
VIA UNO,Marrom,Dafiti,Rasteira Feminina VIA UNO Tiras Cruzadas Marrom,"Calçados,Calçados Femininos,Rasteirinhas","R$ 99,90","R$ 59,99","R$ 63,82",1x,Rasteira Feminina VIA UNO Tiras Cruzadas Marrom,rasteira feminina via uno tiras cruzadas marrom,rasteira feminina via uno tiras cruzadas marrom
Moleca,Prata,Dafiti,Tênis Feminino Moleca Metalizado Prata,"Calçados,Calçados Femininos,Tênis,Tênis Casual","R$ 119,99","R$ 94,99","R$ 101,05",1x,Tênis Feminino Moleca Metalizado Prata,tenis feminino moleca metalizado prata,tenis feminino moleca metalizado prata
Colcci,Bege,Dafiti,Rasteira Feminina Colcci Tiras Cruzadas Bege,"Calçados,Calçados Femininos,Rasteirinhas","R$ 189,99","R$ 109,99","R$ 117,01",1x,Rasteira Feminina Colcci Tiras Cruzadas Bege,rasteira feminina colcci tiras cruzadas bege,rasteira feminina colcci tiras cruzadas bege
Modare,Caramelo,Dafiti,Scarpin Modare Matelassê Caramelo,"Calçados,Calçados Femininos,Scarpin","R$ 139,90","R$ 104,99","R$ 111,69",1x,Scarpin Modare Matelassê Caramelo,scarpin modare matelasse caramelo,scarpin modare matelasse caramelo
Bebecê,Bege,Dafiti,Sapatilha Feminina Bebecê Bico Fino Fivela Bege,"Calçados,Calçados Femininos,Sapatilhas,Sapatilha Bico Fino","R$ 89,99","R$ 74,99","R$ 79,78",1x,Sapatilha Feminina Bebecê Bico Fino Fivela Bege,sapatilha feminina bebece bico fino fivela bege,sapatilha feminina bebece bico fino fivela bege
Santa Lolla,Preto,Dafiti,Scarpin Feminino Santa Lolla Bico Fino Couro Preto,"Calçados,Calçados Femininos,Scarpin","R$ 329,90","R$ 249,99","R$ 265,95",4x,Scarpin Feminino Santa Lolla Bico Fino Couro Preto,scarpin feminino santa lolla bico fino couro preto,scarpin feminino santa lolla bico fino couro preto
Vizzano,Azul Marinho,Dafiti,Scarpin Feminino Vizzano Bico Fino Azul Marinho,"Calçados,Calçados Femininos,Scarpin","R$ 169,90","R$ 119,99","R$ 127,65",2x,Scarpin Feminino Vizzano Bico Fino Azul Marinho,scarpin feminino vizzano bico fino azul marinho,scarpin feminino vizzano bico fino azul marinho
VIA UNO,Marrom,Dafiti,Scarpin VIA UNO Salto Alto Marrom,"Calçados,Calçados Femininos,Scarpin","R$ 159,99","R$ 119,99","R$ 127,65",2x,Scarpin VIA UNO Salto Alto Marrom,scarpin via uno salto alto marrom,scarpin via uno salto alto marrom
Bebecê,Preto,Dafiti,Scarpin Bebecê Nobuck Preto,"Calçados,Calçados Femininos,Scarpin","R$ 129,99","R$ 94,99","R$ 101,05",1x,Scarpin Bebecê Nobuck Preto,scarpin bebece nobuck preto,scarpin bebece nobuck preto
Anacapri,Marrom,Dafiti,Rasteira Feminina Anacapri Tiras Cruzadas Marrom,"Calçados,Calçados Femininos,Rasteirinhas","R$ 129,90","R$ 99,99","R$ 106,37",1x,Rasteira Feminina Anacapri Tiras Cruzadas Marrom,rasteira feminina anacapri tiras cruzadas marrom,rasteira feminina anacapri tiras cruzadas marrom
Kolosh,Preto,Dafiti,Tênis Kolosh Logo Preto,"Calçados,Calçados Femininos,Tênis,Tênis Casual","R$ 229,99","R$ 119,99","R$ 127,65",2x,Tênis Kolosh Logo Preto,tenis kolosh logo preto,tenis kolosh logo preto
Arezzo,Marrom,Dafiti,Mocassim Arezzo Solado Tratorado Warm Caramel,"Calçados,Calçados Femininos,Mocassim","R$ 439,99","R$ 413,59","R$ 439,99",7x,Mocassim Arezzo Solado Tratorado Warm Caramel,mocassim arezzo solado tratorado warm caramel,mocassim arezzo solado tratorado warm caramel
Jorge Bischoff,Bege,Dafiti,Bota Feminina Jorge Bischoff Cano Baixo Bege,"Calçados,Calçados Femininos,Botas,Bota Cano Curto","R$ 1.199,00","R$ 499,99","R$ 531,90",8x,Bota Feminina Jorge Bischoff Cano Baixo Bege,bota feminina jorge bischoff cano baixo bege,bota feminina jorge bischoff cano baixo bege
Santa Lolla,Vinho,Dafiti,Tênis Feminino Santa Lolla Cadarço Têxtil Vinho,"Calçados,Calçados Femininos,Tênis,Tênis Casual","R$ 299,90",,"R$ 299,90",5x,Tênis Feminino Santa Lolla Cadarço Têxtil Vinho,tenis feminino santa lolla cadarco textil vinho,tenis feminino santa lolla cadarco textil vinho
Jorge Bischoff,Nude,Dafiti,Sandália Jorge Bischoff Texturizada Snake Nude,"Calçados,Calçados Femininos,Sandálias,Sandália Salto Grosso","R$ 599,00","R$ 219,99","R$ 234,03",3x,Sandália Jorge Bischoff Texturizada Snake Nude,sandalia jorge bischoff texturizada snake nude,sandalia jorge bischoff texturizada snake nude
VIA UNO,Rosê,Dafiti,Rasteira Feminina Via Uno Tiras Brilhantes Rosê,"Calçados,Calçados Femininos,Rasteirinhas","R$ 99,99","R$ 74,99","R$ 79,78",1x,Rasteira Feminina Via Uno Tiras Brilhantes Rosê,rasteira feminina via uno tiras brilhantes rose,rasteira feminina via uno tiras brilhantes rose
VIA UNO,Caramelo,Dafiti,Rasteira Via Uno Corrente Caramelo,"Calçados,Calçados Femininos,Rasteirinhas","R$ 89,99","R$ 59,99","R$ 63,82",1x,Rasteira Via Uno Corrente Caramelo,rasteira via uno corrente caramelo,rasteira via uno corrente caramelo
Lança Perfume,Preto,Dafiti,Bota Feminina Lança Perfume Cano Baixo S...,"Calçados,Calçados Femininos,Botas,Bota Cano Curto","R$ 793,00","R$ 489,99","R$ 521,27",8x,Bota Feminina Lança Perfume Cano Baixo S...,bota feminina lanca perfume cano baixo s,bota feminina lanca perfume cano baixo s
Modare,Marrom,Dafiti,Sandália Feminina Modare Salto Anabela Marrom,"Calçados,Calçados Femininos,Sandálias,Sandália Anabela","R$ 169,90","R$ 109,99","R$ 117,01",1x,Sandália Feminina Modare Salto Anabela Marrom,sandalia feminina modare salto anabela marrom,sandalia feminina modare salto anabela marrom
Vizzano,Preto,Dafiti,Tênis Vizzano Liso Preto,"Calçados,Calçados Femininos,Tênis,Tênis Casual","R$ 119,99","R$ 54,99","R$ 58,50",1x,Tênis Vizzano Liso Preto,tenis vizzano liso preto,tenis vizzano liso preto
Vizzano,Marrom,Dafiti,Sandália Feminina Vizzano Salto Bloco Mé...,"Calçados,Calçados Femininos,Sandálias","R$ 159,90","R$ 89,99","R$ 95,73",1x,Sandália Feminina Vizzano Salto Bloco Mé...,sandalia feminina vizzano salto bloco me,sandalia feminina vizzano salto bloco
Vizzano,Preto,Dafiti,Scarpin Feminino Vizzano Salto Fino Preto,"Calçados,Calçados Femininos,Scarpin","R$ 169,90","R$ 99,99","R$ 106,37",1x,Scarpin Feminino Vizzano Salto Fino Preto,scarpin feminino vizzano salto fino preto,scarpin feminino vizzano salto fino preto
Santa Lolla,Preto,Dafiti,Tamanco Santa Lolla Liso Preta,"Calçados,Calçados Femininos,Tamanco","R$ 269,90","R$ 159,99","R$ 170,20",2x,Tamanco Santa Lolla Liso Preta,tamanco santa lolla liso preta,tamanco santa lolla liso preta
Santa Lolla,Marrom,Dafiti,Bota Feminina Santa Lolla Cano Alto Marrom,"Calçados,Calçados Femininos,Botas,Bota Cano Médio","R$ 499,90","R$ 379,99","R$ 404,24",6x,Bota Feminina Santa Lolla Cano Alto Marrom,bota feminina santa lolla cano alto marrom,bota feminina santa lolla cano alto marrom
Melissa,Marrom,Dafiti,Sandália Feminina Melissa Slide Tiras Tr...,"Calçados,Calçados Femininos,Sandálias","R$ 169,90","R$ 159,70","R$ 169,89",2x,Sandália Feminina Melissa Slide Tiras Tr...,sandalia feminina melissa slide tiras tr,sandalia feminina melissa slide tiras tr
Colcci,Preto,Dafiti,Rasteira Feminina Colcci Tiras Cruzadas Preta,"Calçados,Calçados Femininos,Rasteirinhas","R$ 189,99","R$ 109,99","R$ 117,01",1x,Rasteira Feminina Colcci Tiras Cruzadas Preta,rasteira feminina colcci tiras cruzadas preta,rasteira feminina colcci tiras cruzadas preta
Bebecê,Caramelo,Dafiti,Scarpin Feminino Bebecê Salto Quadrado B...,"Calçados,Calçados Femininos,Scarpin","R$ 129,99","R$ 99,99","R$ 106,37",1x,Scarpin Feminino Bebecê Salto Quadrado B...,scarpin feminino bebece salto quadrado b,scarpin feminino bebece salto quadrado b
Usaflex,Nude,Dafiti,Sandália Feminina Usaflex Anabela Nude,"Calçados,Calçados Femininos,Sandálias","R$ 279,99","R$ 129,99","R$ 138,29",2x,Sandália Feminina Usaflex Anabela Nude,sandalia feminina usaflex anabela nude,sandalia feminina usaflex anabela nude
Melissa,Bege,Dafiti,Rasteira Melissa Tiras Cruzadas Aberta Bege,"Calçados,Calçados Femininos,Rasteirinhas","R$ 119,90","R$ 112,70","R$ 119,89",2x,Rasteira Melissa Tiras Cruzadas Aberta Bege,rasteira melissa tiras cruzadas aberta bege,rasteira melissa tiras cruzadas aberta bege
Santa Lolla,Preto,Dafiti,Sapatilha Santa Lolla Aplicação Preta,"Calçados,Calçados Femininos,Sapatilhas,Sapatilha Bico Redondo","R$ 269,90","R$ 169,99","R$ 180,84",3x,Sapatilha Santa Lolla Aplicação Preta,sapatilha santa lolla aplicacao preta,sapatilha santa lolla aplicacao preta
Colcci,Branco,Dafiti,Rasteira Slide Colcci Tiras Branca,"Calçados,Calçados Femininos,Rasteirinhas","R$ 164,99","R$ 109,99","R$ 117,01",1x,Rasteira Slide Colcci Tiras Branca,rasteira slide colcci tiras branca,rasteira slide colcci tiras branca
Luiza Barcelos,Prata,Dafiti,Sandália Luiza Barcelos Salto Geométrico Prata,"Calçados,Calçados Femininos,Sandálias,Sandália Salto Grosso","R$ 399,90","R$ 375,90","R$ 399,89",6x,Sandália Luiza Barcelos Salto Geométrico Prata,sandalia luiza barcelos salto geometrico prata,sandalia luiza barcelos salto geometrico prata
Moleca,Nude,Dafiti,Tênis Moleca Liso Nude,"Calçados,Calçados Femininos,Tênis,Tênis Casual","R$ 69,99","R$ 54,99","R$ 58,50",1x,Tênis Moleca Liso Nude,tenis moleca liso nude,tenis moleca liso nude
Vizzano,Preto,Dafiti,Chinelo Feminino Vizzano Dedo Preto,"Calçados,Calçados Femininos,Chinelos","R$ 99,90","R$ 64,99","R$ 69,14",1x,Chinelo Feminino Vizzano Dedo Preto,chinelo feminino vizzano dedo preto,chinelo feminino vizzano dedo preto
Via Marte,Branco,Dafiti,Tênis Feminino Via Marte Chunky Branco,"Calçados,Calçados Femininos,Tênis,Tênis Casual","R$ 299,99","R$ 199,99","R$ 212,76",3x,Tênis Feminino Via Marte Chunky Branco,tenis feminino via marte chunky branco,tenis feminino via marte chunky branco
Moleca,Nude,Dafiti,Tênis Feminino Moleca Slip On Nude,"Calçados,Calçados Femininos,Tênis,Tênis Casual","R$ 89,90","R$ 39,99","R$ 42,54",1x,Tênis Feminino Moleca Slip On Nude,tenis feminino moleca slip on nude,tenis feminino moleca slip on nude
Jorge Bischoff,Caramelo,Dafiti,Sandália Feminina Jorge Bischoff Pedrari...,"Calçados,Calçados Femininos,Rasteirinhas","R$ 449,00","R$ 229,99","R$ 244,67",4x,Sandália Feminina Jorge Bischoff Pedrari...,sandalia feminina jorge bischoff pedrari,sandalia feminina jorge bischoff pedrari
Vizzano,Bege,Dafiti,Tênis Feminino Vizzano Cadarço Bege,"Calçados,Calçados Femininos,Tênis,Tênis Casual","R$ 199,90","R$ 139,99","R$ 148,93",2x,Tênis Feminino Vizzano Cadarço Bege,tenis feminino vizzano cadarco bege,tenis feminino vizzano cadarco bege
Arezzo,Preto,Dafiti,Sapatilha Arezzo Matelassê Preta,"Calçados,Calçados Femininos,Sapatilhas,Sapatilha Bico Fino","R$ 169,99","R$ 159,79","R$ 169,99",2x,Sapatilha Arezzo Matelassê Preta,sapatilha arezzo matelasse preta,sapatilha arezzo matelasse preta
Beira Rio,Off-white,Dafiti,Sandália Feminina Beira Rio Salto Médio ...,"Calçados,Calçados Femininos,Sandálias","R$ 129,90","R$ 104,99","R$ 111,69",1x,Sandália Feminina Beira Rio Salto Médio ...,sandalia feminina beira rio salto medio,sandalia feminina beira rio salto medio
Capodarte,Café,Dafiti,Bota Feminina Capodarte Cano Baixo Couro Café,"Calçados,Calçados Femininos,Botas,Bota Cano Curto","R$ 590,00","R$ 409,99","R$ 436,16",7x,Bota Feminina Capodarte Cano Baixo Couro Café,bota feminina capodarte cano baixo couro cafe,bota feminina capodarte cano baixo couro cafe
Bebecê,Marrom,Dafiti,Sapato Feminino Bebecê Salto Bloco Textu...,"Calçados,Calçados Femininos,Scarpin","R$ 129,99","R$ 99,99","R$ 106,37",1x,Sapato Feminino Bebecê Salto Bloco Textu...,sapato feminino bebece salto bloco textu,sapato feminino bebece salto bloco textu
Vizzano,Marrom,Dafiti,Rasteira Feminina Vizzano Fechada Marrom,"Calçados,Calçados Femininos,Rasteirinhas","R$ 159,90","R$ 109,99","R$ 117,01",1x,Rasteira Feminina Vizzano Fechada Marrom,rasteira feminina vizzano fechada marrom,rasteira feminina vizzano fechada marrom
Moleca,Nude,Dafiti,Mule Feminino Moleca Fivela Sintético Nude,"Calçados,Calçados Femininos,Mocassim","R$ 149,99","R$ 89,99","R$ 95,73",1x,Mule Feminino Moleca Fivela Sintético Nude,mule feminino moleca fivela sintetico nude,mule feminino moleca fivela sintetico nude
Converse,Cinza,Dafiti,Tênis Converse Chuck Taylor All Star Can...,"Calçados,Calçados Femininos,Tênis,Tênis Casual","R$ 299,90","R$ 199,99","R$ 212,76",3x,Tênis Converse Chuck Taylor All Star Can...,tenis converse chuck taylor all star can,tenis converse chuck taylor all star can
Santa Lolla,Marrom,Dafiti,Sandália Feminina Santa Lolla Tamanco Ta...,"Calçados,Calçados Femininos,Tamanco","R$ 329,90","R$ 214,99","R$ 228,71",3x,Sandália Feminina Santa Lolla Tamanco Ta...,sandalia feminina santa lolla tamanco ta,sandalia feminina santa lolla tamanco ta
Modare,Marrom,Dafiti,Mocassim Feminino Modare Texturizado Com...,"Calçados,Calçados Femininos,Mocassim","R$ 139,90","R$ 89,99","R$ 95,73",1x,Mocassim Feminino Modare Texturizado Com...,mocassim feminino modare texturizado com,mocassim feminino modare texturizado
Jorge Bischoff,Caramelo,Dafiti,Sapatilha Jorge Bischoff de Couro Matela...,"Calçados,Calçados Femininos,Sapatilhas,Sapatilha Bico Redondo","R$ 399,00","R$ 219,99","R$ 234,03",3x,Sapatilha Jorge Bischoff de Couro Matela...,sapatilha jorge bischoff de couro matela,sapatilha jorge bischoff couro matela
VIA UNO,Azul,Dafiti,Tênis Feminino VIA UNO Casual Azul,"Calçados,Calçados Femininos,Tênis,Tênis Casual","R$ 149,99","R$ 89,99","R$ 95,73",1x,Tênis Feminino VIA UNO Casual Azul,tenis feminino via uno casual azul,tenis feminino via uno casual azul
Bottero,Marrom,Dafiti,Bota Feminina Bottero Cano Médio Marrom,"Calçados,Calçados Femininos,Botas,Bota Cano Médio","R$ 549,99","R$ 389,99","R$ 414,88",6x,Bota Feminina Bottero Cano Médio Marrom,bota feminina bottero cano medio marrom,bota feminina bottero cano medio marrom
Vizzano,Bege,Dafiti,Tênis Feminino Vizzano Casual Bege,"Calçados,Calçados Femininos,Tênis,Tênis Casual","R$ 149,99","R$ 119,99","R$ 127,65",2x,Tênis Feminino Vizzano Casual Bege,tenis feminino vizzano casual bege,tenis feminino vizzano casual bege
Vizzano,Off-white,Dafiti,Scarpin Feminino Vizzano Salto Médio Tex...,"Calçados,Calçados Femininos,Scarpin","R$ 169,90","R$ 109,99","R$ 117,01",1x,Scarpin Feminino Vizzano Salto Médio Tex...,scarpin feminino vizzano salto medio tex,scarpin feminino vizzano salto medio tex
Modare,Marrom,Dafiti,Sandália Feminina Modare Tiras Cruzadas Marrom,"Calçados,Calçados Femininos,Rasteirinhas","R$ 129,90","R$ 99,99","R$ 106,37",1x,Sandália Feminina Modare Tiras Cruzadas Marrom,sandalia feminina modare tiras cruzadas marrom,sandalia feminina modare tiras cruzadas marrom
VIA UNO,Marrom,Dafiti,Sandália Feminina VIA UNO Salto Bloco Am...,"Calçados,Calçados Femininos,Sandálias","R$ 119,99","R$ 79,99","R$ 85,10",1x,Sandália Feminina VIA UNO Salto Bloco Am...,sandalia feminina via uno salto bloco am,sandalia feminina via uno salto bloco am
Lança Perfume,Marrom,Dafiti,Bota Feminina Lança Perfume Cano Alto Marrom,"Calçados,Calçados Femininos,Botas,Bota Montaria e Cano Longo","R$ 793,00","R$ 489,99","R$ 521,27",8x,Bota Feminina Lança Perfume Cano Alto Marrom,bota feminina lanca perfume cano alto marrom,bota feminina lanca perfume cano alto marrom
VIA UNO,Preto,Dafiti,Sandália Feminina Via Uno Salto Médio Preta,"Calçados,Calçados Femininos,Sandálias,Sandália Salto Grosso","R$ 149,99","R$ 99,99","R$ 106,37",1x,Sandália Feminina Via Uno Salto Médio Preta,sandalia feminina via uno salto medio preta,sandalia feminina via uno salto medio preta
Via Marte,Branco,Dafiti,Tênis Feminino Via Marte Branco com Deta...,"Calçados,Calçados Femininos,Tênis,Tênis Casual","R$ 299,99","R$ 159,99","R$ 170,20",2x,Tênis Feminino Via Marte Branco com Deta...,tenis feminino via marte branco com deta,tenis feminino via marte branco deta
Santa Lolla,Nude,Dafiti,Sandália Feminina Santa Lolla Tiras Cruzadas Nude,"Calçados,Calçados Femininos,Sandálias","R$ 229,90","R$ 179,99","R$ 191,48",3x,Sandália Feminina Santa Lolla Tiras Cruzadas Nude,sandalia feminina santa lolla tiras cruzadas nude,sandalia feminina santa lolla tiras cruzadas nude
Anacapri,Off-white,Dafiti,Tênis Slip On Anacapri Textil Off-White,"Calçados,Calçados Femininos,Tênis,Tênis Casual","R$ 209,99","R$ 179,99","R$ 191,48",3x,Tênis Slip On Anacapri Textil Off-White,tenis slip on anacapri textil off white,tenis slip on anacapri textil off white
Luiza Barcelos,Dourado,Dafiti,Rasteira Feminina Luiza Barcelos Tiras M...,"Calçados,Calçados Femininos,Rasteirinhas","R$ 399,90","R$ 274,99","R$ 292,54",4x,Rasteira Feminina Luiza Barcelos Tiras M...,rasteira feminina luiza barcelos tiras m,rasteira feminina luiza barcelos tiras m
Moleca,Marrom,Dafiti,Sapatilha Feminina Moleca Laço Marrom,"Calçados,Calçados Femininos,Sapatilhas,Sapatilha Bico Fino","R$ 59,90","R$ 39,99","R$ 42,54",1x,Sapatilha Feminina Moleca Laço Marrom,sapatilha feminina moleca laco marrom,sapatilha feminina moleca laco marrom
Beira Rio,Nude,Dafiti,Scarpin Beira Rio Salto Grosso Nude,"Calçados,Calçados Femininos,Scarpin","R$ 139,99","R$ 99,99","R$ 106,37",1x,Scarpin Beira Rio Salto Grosso Nude,scarpin beira rio salto grosso nude,scarpin beira rio salto grosso nude
Bebecê,Bege,Dafiti,Scarpin Feminino Bebecê Slingback Salto ...,"Calçados,Calçados Femininos,Scarpin","R$ 129,99",,"R$ 129,99",2x,Scarpin Feminino Bebecê Slingback Salto ...,scarpin feminino bebece slingback salto,scarpin feminino bebece slingback salto
Beira Rio,Nude,Dafiti,Mocassim Beira Rio Bridão Nude,"Calçados,Calçados Femininos,Mocassim","R$ 119,90","R$ 89,99","R$ 95,73",1x,Mocassim Beira Rio Bridão Nude,mocassim beira rio bridao nude,mocassim beira rio bridao nude
adidas Originals,Off-white,Dafiti,Tênis Feminino adidas Originals Taekwond...,"Calçados,Calçados Femininos,Tênis,Tênis Casual","R$ 799,99","R$ 519,99","R$ 553,18",9x,Tênis Feminino adidas Originals Taekwond...,tenis feminino adidas originals taekwond,tenis feminino adidas originals taekwond
Vizzano,Bege,Dafiti,Rasteira Feminina Vizzano Detalhe Fivela Bege,"Calçados,Calçados Femininos,Rasteirinhas","R$ 119,90","R$ 54,99","R$ 58,50",1x,Rasteira Feminina Vizzano Detalhe Fivela Bege,rasteira feminina vizzano detalhe fivela bege,rasteira feminina vizzano detalhe fivela bege
Jorge Bischoff,Marrom,Dafiti,Sandália Feminina Jorge Bischoff Couro Marrom,"Calçados,Calçados Femininos,Sandálias,Sandália Salto Grosso","R$ 649,00","R$ 259,99","R$ 276,59",4x,Sandália Feminina Jorge Bischoff Couro Marrom,sandalia feminina jorge bischoff couro marrom,sandalia feminina jorge bischoff couro marrom
Jorge Bischoff,Caramelo,Dafiti,Scarpin Jorge Bischoff de Couro Logo Caramelo,"Calçados,Calçados Femininos,Scarpin","R$ 589,00","R$ 289,99","R$ 308,50",5x,Scarpin Jorge Bischoff de Couro Logo Caramelo,scarpin jorge bischoff de couro logo caramelo,scarpin jorge bischoff couro logo caramelo
Jorge Bischoff,Preto,Dafiti,Sandália Feminina Jorge Bischoff Plataforma Preta,"Calçados,Calçados Femininos,Sandálias,Sandália Plataforma","R$ 499,00","R$ 239,99","R$ 255,31",4x,Sandália Feminina Jorge Bischoff Plataforma Preta,sandalia feminina jorge bischoff plataforma preta,sandalia feminina jorge bischoff plataforma preta
Via Marte,Branco,Dafiti,Tênis Feminino Via Marte Detalhes Textur...,"Calçados,Calçados Femininos,Tênis,Tênis Casual","R$ 279,99","R$ 219,99","R$ 234,03",3x,Tênis Feminino Via Marte Detalhes Textur...,tenis feminino via marte detalhes textur,tenis feminino via marte detalhes textur
Santa Lolla,Vinho,Dafiti,Bota Feminina Santa Lolla Cano Baixo Couro Vinho,"Calçados,Calçados Femininos,Botas,Bota Cano Curto","R$ 349,90","R$ 269,99","R$ 287,22",4x,Bota Feminina Santa Lolla Cano Baixo Couro Vinho,bota feminina santa lolla cano baixo couro vinho,bota feminina santa lolla cano baixo couro vinho
Modare,Off-white,Dafiti,Tênis Feminino Modare Slip On Knit Off-White,"Calçados,Calçados Femininos,Tênis,Tênis Casual","R$ 199,90","R$ 99,99","R$ 106,37",1x,Tênis Feminino Modare Slip On Knit Off-White,tenis feminino modare slip on knit off white,tenis feminino modare slip on knit off white
Coca Cola,Off-white,Dafiti,Tênis Flatform Coca Cola Lona Off-White,"Calçados,Calçados Femininos,Tênis,Tênis Casual","R$ 219,90","R$ 89,99","R$ 95,73",1x,Tênis Flatform Coca Cola Lona Off-White,tenis flatform coca cola lona off white,tenis flatform coca cola lona off white
Luiza Barcelos,Caramelo,Dafiti,Bota Feminina Luiza Barcelos Cano Alto S...,"Calçados,Calçados Femininos,Botas,Bota Montaria e Cano Longo","R$ 1.499,90","R$ 759,99","R$ 808,50",10x,Bota Feminina Luiza Barcelos Cano Alto S...,bota feminina luiza barcelos cano alto s,bota feminina luiza barcelos cano alto s
Modare,Caramelo,Dafiti,Tênis Modare Zíper Recortes Caramelo,"Calçados,Calçados Femininos,Tênis,Tênis Casual","R$ 239,90","R$ 159,99","R$ 170,20",2x,Tênis Modare Zíper Recortes Caramelo,tenis modare ziper recortes caramelo,tenis modare ziper recortes caramelo
VIA UNO,Preto,Dafiti,Bota Feminina VIA UNO Couro Cano Baixo S...,"Calçados,Calçados Femininos,Botas,Bota Cano Curto","R$ 239,99","R$ 179,99","R$ 191,48",3x,Bota Feminina VIA UNO Couro Cano Baixo S...,bota feminina via uno couro cano baixo s,bota feminina via uno couro cano baixo s
Modare,Off-white,Dafiti,Tênis Modare Recorte Off-White,"Calçados,Calçados Femininos,Tênis,Tênis Casual","R$ 149,99","R$ 119,99","R$ 127,65",2x,Tênis Modare Recorte Off-White,tenis modare recorte off white,tenis modare recorte off white
Asics,Cinza,Dafiti,Tênis Feminino Asics Gel Nyc Cinza,"Calçados,Calçados Femininos,Tênis,Tênis Casual","R$ 999,99","R$ 939,98","R$ 999,98",10x,Tênis Feminino Asics Gel Nyc Cinza,tenis feminino asics gel nyc cinza,tenis feminino asics gel nyc cinza
VIA UNO,Dourado,Dafiti,Sandália Feminina Via Uno Salto Anabela Dourada,"Calçados,Calçados Femininos,Tamanco","R$ 139,99","R$ 99,99","R$ 106,37",1x,Sandália Feminina Via Uno Salto Anabela Dourada,sandalia feminina via uno salto anabela dourada,sandalia feminina via uno salto anabela dourada
Santa Lolla,Prata,Dafiti,Rasteira Santa Lolla Com Necessaire Prata,"Calçados,Calçados Femininos,Rasteirinhas","R$ 169,90","R$ 119,99","R$ 127,65",2x,Rasteira Santa Lolla Com Necessaire Prata,rasteira santa lolla com necessaire prata,rasteira santa lolla necessaire prata
Dakota,Preto,Dafiti,Bota Coturno Dakota Cano Curto Preta,"Calçados,Calçados Femininos,Botas,Coturno e Biker","R$ 289,99","R$ 179,99","R$ 191,48",3x,Bota Coturno Dakota Cano Curto Preta,bota coturno dakota cano curto preta,bota coturno dakota cano curto preta
Luiza Barcelos,Dourado,Dafiti,Tamanco Luiza Barcelos Metalizado Dourada,"Calçados,Calçados Femininos,Tamanco","R$ 559,90","R$ 299,99","R$ 319,14",5x,Tamanco Luiza Barcelos Metalizado Dourada,tamanco luiza barcelos metalizado dourada,tamanco luiza barcelos metalizado dourada
Luiza Barcelos,Marrom,Dafiti,Bota Feminina Luiza Barcelos Cano Baixo ...,"Calçados,Calçados Femininos,Botas,Bota Cano Curto","R$ 999,90","R$ 939,90","R$ 999,89",10x,Bota Feminina Luiza Barcelos Cano Baixo ...,bota feminina luiza barcelos cano baixo,bota feminina luiza barcelos cano baixo
Capodarte,Preto,Dafiti,Scarpin Baixo Feminino Capodarte Salto Bloco Preto,"Calçados,Calçados Femininos,Scarpin","R$ 660,00","R$ 309,99","R$ 329,78",5x,Scarpin Baixo Feminino Capodarte Salto Bloco Preto,scarpin baixo feminino capodarte salto bloco preto,scarpin baixo feminino capodarte salto bloco preto
New Balance,Marrom,Dafiti,Tênis Unissex New Balance 480 Low Marrom,"Calçados,Calçados Femininos,Tênis,Tênis Casual,Calçados Masculinos,Tênis,Tênis Casual","R$ 549,99","R$ 469,99","R$ 499,99",8x,Tênis Unissex New Balance 480 Low Marrom,tenis unissex new balance 480 low marrom,tenis unissex new balance 480 low marrom
Arezzo,Nude,Dafiti,Scarpin Médio Arezzo Slingback True Sand,"Calçados,Calçados Femininos,Scarpin","R$ 379,99","R$ 357,19","R$ 379,99",6x,Scarpin Médio Arezzo Slingback True Sand,scarpin medio arezzo slingback true sand,scarpin medio arezzo slingback true sand
Bottero,Caramelo,Dafiti,Rasteira Feminina Bottero Tiras Cruzadas Caramelo,"Calçados,Calçados Femininos,Rasteirinhas","R$ 199,99","R$ 109,99","R$ 117,01",1x,Rasteira Feminina Bottero Tiras Cruzadas Caramelo,rasteira feminina bottero tiras cruzadas caramelo,rasteira feminina bottero tiras cruzadas caramelo
Bottero,Marrom,Dafiti,Mocassim Feminino Bottero Laço Marrom,"Calçados,Calçados Femininos,Mocassim","R$ 279,99","R$ 179,99","R$ 191,48",3x,Mocassim Feminino Bottero Laço Marrom,mocassim feminino bottero laco marrom,mocassim feminino bottero laco marrom
Santa Lolla,Bege,Dafiti,Rasteira Feminina Santa Lolla Tachas Bege,"Calçados,Calçados Femininos,Rasteirinhas","R$ 269,90","R$ 189,99","R$ 202,12",3x,Rasteira Feminina Santa Lolla Tachas Bege,rasteira feminina santa lolla tachas bege,rasteira feminina santa lolla tachas bege
Beira Rio,Marrom,Dafiti,Sandália Feminina Beira Rio Anabela Marrom,"Calçados,Calçados Femininos,Sandálias,Sandália Anabela","R$ 139,99","R$ 99,99","R$ 106,37",1x,Sandália Feminina Beira Rio Anabela Marrom,sandalia feminina beira rio anabela marrom,sandalia feminina beira rio anabela marrom
Arezzo,Preto,Dafiti,Sandália Baixa Arezzo Tiras Entrelaçada...,"Calçados,Calçados Femininos,Sandálias","R$ 279,99","R$ 263,19","R$ 279,99",4x,Sandália Baixa Arezzo Tiras Entrelaçada...,sandalia baixa arezzo tiras entrelacada,sandalia baixa arezzo tiras entrelacada
Santa Lolla,Marrom,Dafiti,Bota Feminina Santa Lolla Cano Baixo Couro Marrom,"Calçados,Calçados Femininos,Botas,Bota Cano Curto","R$ 449,90",,"R$ 449,90",7x,Bota Feminina Santa Lolla Cano Baixo Couro Marrom,bota feminina santa lolla cano baixo couro marrom,bota feminina santa lolla cano baixo couro marrom
Moleca,Preto,Dafiti,Sandália Clog  Moleca Plataforma Preta,"Calçados,Calçados Femininos,Sandálias,Sandália Salto Grosso","R$ 139,99","R$ 89,99","R$ 95,73",1x,Sandália Clog  Moleca Plataforma Preta,sandalia clog moleca plataforma preta,sandalia clog moleca plataforma preta
Ramarim,Off-white,Dafiti,Tênis Ramarim Recorte Suede Off-White,"Calçados,Calçados Femininos,Tênis,Tênis Casual","R$ 259,90","R$ 129,99","R$ 138,29",2x,Tênis Ramarim Recorte Suede Off-White,tenis ramarim recorte suede off white,tenis ramarim recorte suede off white
Moleca,Bronze,Dafiti,Rasteira Feminina Moleca Fechada Metalizada Bronze,"Calçados,Calçados Femininos,Rasteirinhas","R$ 89,90","R$ 64,99","R$ 69,14",1x,Rasteira Feminina Moleca Fechada Metalizada Bronze,rasteira feminina moleca fechada metalizada bronze,rasteira feminina moleca fechada metalizada bronze
Modare,Preto,Dafiti,Mocassim Feminino Modare Detalhe Corrente Preto,"Calçados,Calçados Femininos,Mocassim","R$ 169,99","R$ 99,99","R$ 106,37",1x,Mocassim Feminino Modare Detalhe Corrente Preto,mocassim feminino modare detalhe corrente preto,mocassim feminino modare detalhe corrente preto
VIA UNO,Caramelo,Dafiti,Mocassim Feminino Via Uno Marrom,"Calçados,Calçados Femininos,Mocassim","R$ 129,99","R$ 94,99","R$ 101,05",1x,Mocassim Feminino Via Uno Marrom,mocassim feminino via uno marrom,mocassim feminino via uno marrom
Santa Lolla,Preto,Dafiti,Scarpin Feminino Santa Lolla Couro Salto...,"Calçados,Calçados Femininos,Scarpin","R$ 269,90",,"R$ 269,90",4x,Scarpin Feminino Santa Lolla Couro Salto...,scarpin feminino santa lolla couro salto,scarpin feminino santa lolla couro salto
Bottero,Nude,Dafiti,Sandália Feminina Bottero Salto Anabela Nude,"Calçados,Calçados Femininos,Sandálias,Sandália Anabela","R$ 279,99","R$ 209,99","R$ 223,39",3x,Sandália Feminina Bottero Salto Anabela Nude,sandalia feminina bottero salto anabela nude,sandalia feminina bottero salto anabela nude
Jorge Bischoff,Vinho,Dafiti,Sapatilha Feminina Jorge Bischoff Laço Vinho,"Calçados,Calçados Femininos,Sapatilhas,Sapatilha Bico Fino","R$ 469,00","R$ 219,99","R$ 234,03",3x,Sapatilha Feminina Jorge Bischoff Laço Vinho,sapatilha feminina jorge bischoff laco vinho,sapatilha feminina jorge bischoff laco vinho
VIA UNO,Preto,Dafiti,Rasteira Feminina Via Uno Tiras Cruzadas Preta,"Calçados,Calçados Femininos,Rasteirinhas","R$ 99,90","R$ 59,99","R$ 63,82",1x,Rasteira Feminina Via Uno Tiras Cruzadas Preta,rasteira feminina via uno tiras cruzadas preta,rasteira feminina via uno tiras cruzadas preta
Moleca,Marrom,Dafiti,Bota Feminina Moleca Cano Curto Fivela Marrom,"Calçados,Calçados Femininos,Botas,Bota Cano Curto","R$ 139,90","R$ 94,99","R$ 101,05",1x,Bota Feminina Moleca Cano Curto Fivela Marrom,bota feminina moleca cano curto fivela marrom,bota feminina moleca cano curto fivela marrom
Anacapri,Off-white,Dafiti,Rasteira Feminina Anacapri Tiras Trançad...,"Calçados,Calçados Femininos,Rasteirinhas","R$ 139,99","R$ 109,99","R$ 117,01",1x,Rasteira Feminina Anacapri Tiras Trançad...,rasteira feminina anacapri tiras trancad,rasteira feminina anacapri tiras trancad
Beira Rio,Preto,Dafiti,Sandália Feminina Beira Rio Salto Anabela Preta,"Calçados,Calçados Femininos,Tamanco","R$ 109,99","R$ 79,99","R$ 85,10",1x,Sandália Feminina Beira Rio Salto Anabela Preta,sandalia feminina beira rio salto anabela preta,sandalia feminina beira rio salto anabela preta
Jorge Bischoff,Marrom,Dafiti,Sandália Feminina Jorge Bischoff Salto A...,"Calçados,Calçados Femininos,Sandálias,Sandália Anabela","R$ 549,00","R$ 249,99","R$ 265,95",4x,Sandália Feminina Jorge Bischoff Salto A...,sandalia feminina jorge bischoff salto a,sandalia feminina jorge bischoff salto
Bebecê,Bege,Dafiti,Scarpin Feminino Bebecê Salto Quadrado Bege,"Calçados,Calçados Femininos,Scarpin","R$ 129,99","R$ 99,99","R$ 106,37",1x,Scarpin Feminino Bebecê Salto Quadrado Bege,scarpin feminino bebece salto quadrado bege,scarpin feminino bebece salto quadrado bege
Vizzano,Off-white,Dafiti,Bota Feminina Vizzano Cano Baixo Salto A...,"Calçados,Calçados Femininos,Botas,Bota Cano Curto","R$ 209,99","R$ 134,99","R$ 143,61",2x,Bota Feminina Vizzano Cano Baixo Salto A...,bota feminina vizzano cano baixo salto a,bota feminina vizzano cano baixo salto
Vizzano,Caramelo,Dafiti,Tênis Feminino Vizzano Cadarço Caramelo,"Calçados,Calçados Femininos,Tênis,Tênis Casual","R$ 219,90","R$ 154,99","R$ 164,88",2x,Tênis Feminino Vizzano Cadarço Caramelo,tenis feminino vizzano cadarco caramelo,tenis feminino vizzano cadarco caramelo
Vizzano,Amarelo,Dafiti,Sapatilha Feminina Vizzano Bico Fino Aju...,"Calçados,Calçados Femininos,Sapatilhas,Sapatilha Bico Fino","R$ 139,90","R$ 79,99","R$ 85,10",1x,Sapatilha Feminina Vizzano Bico Fino Aju...,sapatilha feminina vizzano bico fino aju,sapatilha feminina vizzano bico fino aju
Beira Rio,Preto,Dafiti,Scarpin Feminino Beira Rio Bico Fino Tex...,"Calçados,Calçados Femininos,Scarpin","R$ 149,99","R$ 89,99","R$ 95,73",1x,Scarpin Feminino Beira Rio Bico Fino Tex...,scarpin feminino beira rio bico fino tex,scarpin feminino beira rio bico fino tex
Bebecê,Preto,Dafiti,Scarpin Feminino Bebecê Salto Bloco Slin...,"Calçados,Calçados Femininos,Scarpin","R$ 129,99","R$ 99,99","R$ 106,37",1x,Scarpin Feminino Bebecê Salto Bloco Slin...,scarpin feminino bebece salto bloco slin,scarpin feminino bebece salto bloco slin
Moleca,Preto,Dafiti,Sapatilha Feminino Moleca Laço Preta,"Calçados,Calçados Femininos,Sapatilhas,Sapatilha Bico Redondo","R$ 139,99","R$ 79,99","R$ 85,10",1x,Sapatilha Feminino Moleca Laço Preta,sapatilha feminino moleca laco preta,sapatilha feminino moleca laco preta
Lança Perfume,Preto,Dafiti,Rasteira Fechada Lança Perfume Preta com...,"Calçados,Calçados Femininos,Rasteirinhas","R$ 397,00","R$ 179,99","R$ 191,48",3x,Rasteira Fechada Lança Perfume Preta com...,rasteira fechada lanca perfume preta com,rasteira fechada lanca perfume preta
Moleca,Preto,Dafiti,Mocassim Feminino Moleca Textura Croco Caramelo,"Calçados,Calçados Femininos,Mocassim","R$ 139,90","R$ 99,99","R$ 106,37",1x,Mocassim Feminino Moleca Textura Croco Caramelo,mocassim feminino moleca textura croco caramelo,mocassim feminino moleca textura croco caramelo
Dakota,Dourado,Dafiti,Rasteira Feminina Dakota Tiras Flores Dourada,"Calçados,Calçados Femininos,Rasteirinhas","R$ 159,99","R$ 109,99","R$ 117,01",1x,Rasteira Feminina Dakota Tiras Flores Dourada,rasteira feminina dakota tiras flores dourada,rasteira feminina dakota tiras flores dourada
Lança Perfume,Preto,Dafiti,Slide Feminina Lança Perfume Detalhe Met...,"Calçados,Calçados Femininos,Rasteirinhas","R$ 373,00","R$ 279,99","R$ 297,86",4x,Slide Feminina Lança Perfume Detalhe Met...,slide feminina lanca perfume detalhe met,slide feminina lanca perfume detalhe met
adidas Originals,Roxo,Dafiti,Tênis Feminino adidas Originals Gazelle ...,"Calçados,Calçados Femininos,Tênis,Tênis Casual","R$ 699,99","R$ 519,99","R$ 553,18",9x,Tênis Feminino adidas Originals Gazelle ...,tenis feminino adidas originals gazelle,tenis feminino adidas originals gazelle
Modare,Preto,Dafiti,Sapatilha Feminina Modare Adorno Dourado Preta,"Calçados,Calçados Femininos,Sapatilhas,Sapatilha Bico Fino","R$ 129,90","R$ 89,99","R$ 95,73",1x,Sapatilha Feminina Modare Adorno Dourado Preta,sapatilha feminina modare adorno dourado preta,sapatilha feminina modare adorno dourado preta
Bottero,Bege,Dafiti,Sapatilha Feminina Bottero Couro Vazado Bege,"Calçados,Calçados Femininos,Sapatilhas,Sapatilha Bico Redondo","R$ 309,99","R$ 259,99","R$ 276,59",4x,Sapatilha Feminina Bottero Couro Vazado Bege,sapatilha feminina bottero couro vazado bege,sapatilha feminina bottero couro vazado bege
Modare,Branco,Dafiti,Tênis Modare Recortes Branco,"Calçados,Calçados Femininos,Tênis,Tênis Casual","R$ 199,99","R$ 159,99","R$ 170,20",2x,Tênis Modare Recortes Branco,tenis modare recortes branco,tenis modare recortes branco
Moleca,Preto,Dafiti,Sapatilha Feminina Moleca Matelassê Fivela Preta,"Calçados,Calçados Femininos,Sapatilhas,Sapatilha Bico Redondo","R$ 109,90","R$ 44,99","R$ 47,86",1x,Sapatilha Feminina Moleca Matelassê Fivela Preta,sapatilha feminina moleca matelasse fivela preta,sapatilha feminina moleca matelasse fivela preta
Lança Perfume,Bege,Dafiti,Tênis Feminino Lança Perfume Detalhes Do...,"Calçados,Calçados Femininos,Tênis,Tênis Casual","R$ 663,00","R$ 419,99","R$ 446,80",7x,Tênis Feminino Lança Perfume Detalhes Do...,tenis feminino lanca perfume detalhes do,tenis feminino lanca perfume detalhes
Jorge Bischoff,Marrom,Dafiti,Slingback Feminino Jorge Bischoff Croco Marrom,"Calçados,Calçados Femininos,Scarpin","R$ 599,00","R$ 299,99","R$ 319,14",5x,Slingback Feminino Jorge Bischoff Croco Marrom,slingback feminino jorge bischoff croco marrom,slingback feminino jorge bischoff croco marrom
VIA UNO,Preto,Dafiti,Rasteira Via Uno Tiras Preta,"Calçados,Calçados Femininos,Rasteirinhas","R$ 79,99","R$ 44,99","R$ 47,86",1x,Rasteira Via Uno Tiras Preta,rasteira via uno tiras preta,rasteira via uno tiras preta
Anacapri,Branco,Dafiti,Tênis Feminino Anacapri Branco Cadarço,"Calçados,Calçados Femininos,Tênis,Tênis Casual","R$ 189,90","R$ 149,99","R$ 159,56",2x,Tênis Feminino Anacapri Branco Cadarço,tenis feminino anacapri branco cadarco,tenis feminino anacapri branco cadarco
Bebecê,Dourado,Dafiti,Scarpin Feminino Bebecê Metalizado Dourado,"Calçados,Calçados Femininos,Scarpin","R$ 129,99","R$ 99,99","R$ 106,37",1x,Scarpin Feminino Bebecê Metalizado Dourado,scarpin feminino bebece metalizado dourado,scarpin feminino bebece metalizado dourado
Santa Lolla,Bege,Dafiti,Rasteira Feminina Santa Lolla Tiras Marrom,"Calçados,Calçados Femininos,Rasteirinhas","R$ 99,90","R$ 84,99","R$ 90,41",1x,Rasteira Feminina Santa Lolla Tiras Marrom,rasteira feminina santa lolla tiras marrom,rasteira feminina santa lolla tiras marrom
Moleca,Vermelho,Dafiti,Sapatilha Feminina Moleca Laço Vermelha,"Calçados,Calçados Femininos,Sapatilhas,Sapatilha Bico Fino","R$ 99,99","R$ 69,99","R$ 74,46",1x,Sapatilha Feminina Moleca Laço Vermelha,sapatilha feminina moleca laco vermelha,sapatilha feminina moleca laco vermelha
Beira Rio,Preto,Dafiti,Scarpin Feminino Beira Rio Tira Pedraria...,"Calçados,Calçados Femininos,Scarpin","R$ 169,90","R$ 69,99","R$ 74,46",1x,Scarpin Feminino Beira Rio Tira Pedraria...,scarpin feminino beira rio tira pedraria,scarpin feminino beira rio tira pedraria
Vizzano,Off-white,Dafiti,Sandália Feminina Vizzano Salto Quadrado...,"Calçados,Calçados Femininos,Sandálias,Sandália Salto Grosso","R$ 189,90","R$ 129,99","R$ 138,29",2x,Sandália Feminina Vizzano Salto Quadrado...,sandalia feminina vizzano salto quadrado,sandalia feminina vizzano salto quadrado
Modare,Preto,Dafiti,Bota Feminina Modare Cano Curto Preta,"Calçados,Calçados Femininos,Botas,Bota Cano Curto","R$ 209,90","R$ 149,99","R$ 159,56",2x,Bota Feminina Modare Cano Curto Preta,bota feminina modare cano curto preta,bota feminina modare cano curto preta
Modare,Marrom,Dafiti,Sandália Feminina Modare Tiras Cruzadas ...,"Calçados,Calçados Femininos,Rasteirinhas","R$ 129,90","R$ 94,99","R$ 101,05",1x,Sandália Feminina Modare Tiras Cruzadas ...,sandalia feminina modare tiras cruzadas,sandalia feminina modare tiras cruzadas
Bottero,Marrom,Dafiti,Rasteira Feminina Bottero Fivela Marrom,"Calçados,Calçados Femininos,Rasteirinhas","R$ 259,99","R$ 189,99","R$ 202,12",3x,Rasteira Feminina Bottero Fivela Marrom,rasteira feminina bottero fivela marrom,rasteira feminina bottero fivela marrom
Moleca,Caramelo,Dafiti,Tênis Slip On Moleca Texturizado Caramelo,"Calçados,Calçados Femininos,Tênis,Tênis Casual","R$ 79,90","R$ 39,99","R$ 42,54",1x,Tênis Slip On Moleca Texturizado Caramelo,tenis slip on moleca texturizado caramelo,tenis slip on moleca texturizado caramelo
Usaflex,Marrom,Dafiti,Sandália Feminina Usaflex Salto Médio Marrom,"Calçados,Calçados Femininos,Tamanco","R$ 229,99","R$ 149,99","R$ 159,56",2x,Sandália Feminina Usaflex Salto Médio Marrom,sandalia feminina usaflex salto medio marrom,sandalia feminina usaflex salto medio marrom
Puma,Bege,Dafiti,Tênis Puma Suede Xl Bege,"Calçados,Calçados Femininos,Tênis,Tênis Casual,Calçados Masculinos,Tênis,Tênis Casual","R$ 599,99","R$ 509,99","R$ 542,54",9x,Tênis Puma Suede Xl Bege,tenis puma suede xl bege,tenis puma suede xl bege
Moleca,Caramelo,Dafiti,Tênis Feminino Moleca Detalhe Branco Caramelo,"Calçados,Calçados Femininos,Tênis,Tênis Casual","R$ 119,90","R$ 59,99","R$ 63,82",1x,Tênis Feminino Moleca Detalhe Branco Caramelo,tenis feminino moleca detalhe branco caramelo,tenis feminino moleca detalhe branco caramelo
Dakota,Nude,Dafiti,Tênis Dad Sneaker Chunky Dakota Recortes Nude,"Calçados,Calçados Femininos,Tênis,Tênis Casual","R$ 289,99","R$ 209,99","R$ 223,39",3x,Tênis Dad Sneaker Chunky Dakota Recortes Nude,tenis dad sneaker chunky dakota recortes nude,tenis dad sneaker chunky dakota recortes nude
Usaflex,Preto,Dafiti,Sandália Feminina Usaflex Salto Anabela Preta,"Calçados,Calçados Femininos,Sandálias","R$ 279,99","R$ 129,99","R$ 138,29",2x,Sandália Feminina Usaflex Salto Anabela Preta,sandalia feminina usaflex salto anabela preta,sandalia feminina usaflex salto anabela preta
Moleca,Marrom,Dafiti,Bota Feminina Moleca Cano Baixo Marrom,"Calçados,Calçados Femininos,Botas,Bota Cano Curto","R$ 179,90","R$ 159,99","R$ 170,20",2x,Bota Feminina Moleca Cano Baixo Marrom,bota feminina moleca cano baixo marrom,bota feminina moleca cano baixo marrom
VIA UNO,Marrom,Dafiti,Tênis Feminino VIA UNO Plataforma Marrom,"Calçados,Calçados Femininos,Tênis,Tênis Casual","R$ 179,99","R$ 119,99","R$ 127,65",2x,Tênis Feminino VIA UNO Plataforma Marrom,tenis feminino via uno plataforma marrom,tenis feminino via uno plataforma marrom
Bottero,Preto,Dafiti,Bota Feminina Bottero Cano Baixo Couro Preta,"Calçados,Calçados Femininos,Botas,Bota Cano Curto","R$ 519,99",,"R$ 519,99",8x,Bota Feminina Bottero Cano Baixo Couro Preta,bota feminina bottero cano baixo couro preta,bota feminina bottero cano baixo couro preta
VIA UNO,Dourado,Dafiti,Tênis Feminino Via Uno Metalizado Dourado,"Calçados,Calçados Femininos,Tênis,Tênis Casual","R$ 149,99","R$ 99,99","R$ 106,37",1x,Tênis Feminino Via Uno Metalizado Dourado,tenis feminino via uno metalizado dourado,tenis feminino via uno metalizado dourado
Luiza Barcelos,Nude,Dafiti,Sapatilha Feminina Luiza Barcelos Laço T...,"Calçados,Calçados Femininos,Sapatilhas,Sapatilha Bico Redondo","R$ 659,90","R$ 419,99","R$ 446,80",7x,Sapatilha Feminina Luiza Barcelos Laço T...,sapatilha feminina luiza barcelos laco t,sapatilha feminina luiza barcelos laco t
Colcci,Dourado,Dafiti,Tênis Feminino Colcci Cano Baixo Dourado,"Calçados,Calçados Femininos,Tênis,Tênis Casual","R$ 379,99","R$ 229,99","R$ 244,67",4x,Tênis Feminino Colcci Cano Baixo Dourado,tenis feminino colcci cano baixo dourado,tenis feminino colcci cano baixo dourado
Vizzano,Marrom,Dafiti,Sandália Feminina Vizzano Salto Anabela Marrom,"Calçados,Calçados Femininos,Sandálias,Sandália Anabela","R$ 179,99","R$ 129,99","R$ 138,29",2x,Sandália Feminina Vizzano Salto Anabela Marrom,sandalia feminina vizzano salto anabela marrom,sandalia feminina vizzano salto anabela marrom
Moleca,Off-white,Dafiti,Mocassim Feminino Moleca Detalhe Metaliz...,"Calçados,Calçados Femininos,Mocassim","R$ 99,90","R$ 44,99","R$ 47,86",1x,Mocassim Feminino Moleca Detalhe Metaliz...,mocassim feminino moleca detalhe metaliz,mocassim feminino moleca detalhe metaliz
Bebecê,Marrom,Dafiti,Scarpin Bebecê Bico Fino Marrom,"Calçados,Calçados Femininos,Scarpin","R$ 129,99","R$ 104,99","R$ 111,69",1x,Scarpin Bebecê Bico Fino Marrom,scarpin bebece bico fino marrom,scarpin bebece bico fino marrom
Vizzano,Preto,Dafiti,Scarpin Feminino Vizzano Salto Fino Tiras Preto,"Calçados,Calçados Femininos,Scarpin","R$ 169,90","R$ 109,99","R$ 117,01",1x,Scarpin Feminino Vizzano Salto Fino Tiras Preto,scarpin feminino vizzano salto fino tiras preto,scarpin feminino vizzano salto fino tiras preto
Osklen,Cinza,Dafiti,Tênis Osklen Recortes Cinza,"Calçados,Calçados Femininos,Tênis,Tênis Casual","R$ 397,00","R$ 229,99","R$ 244,67",4x,Tênis Osklen Recortes Cinza,tenis osklen recortes cinza,tenis osklen recortes cinza
Bebecê,Off-white,Dafiti,Sapatilha Feminina Bebecê Alça Trançada ...,"Calçados,Calçados Femininos,Sapatilhas,Sapatilha Bico Fino","R$ 89,99","R$ 64,99","R$ 69,14",1x,Sapatilha Feminina Bebecê Alça Trançada ...,sapatilha feminina bebece alca trancada,sapatilha feminina bebece alca trancada
Via Marte,Preto,Dafiti,Tênis Via Marte Recorte Preto,"Calçados,Calçados Femininos,Tênis,Tênis Casual","R$ 249,99","R$ 114,99","R$ 122,33",2x,Tênis Via Marte Recorte Preto,tenis via marte recorte preto,tenis via marte recorte preto
Vizzano,Off-white,Dafiti,Rasteira Flat Vizzano Aplicação Off-White,"Calçados,Calçados Femininos,Rasteirinhas","R$ 129,90","R$ 59,99","R$ 63,82",1x,Rasteira Flat Vizzano Aplicação Off-White,rasteira flat vizzano aplicacao off white,rasteira flat vizzano aplicacao off white
Modare,Bege,Dafiti,Sandália Anabela Modare Tira Hotfix Bege,"Calçados,Calçados Femininos,Sandálias,Sandália Anabela","R$ 159,90","R$ 89,99","R$ 95,73",1x,Sandália Anabela Modare Tira Hotfix Bege,sandalia anabela modare tira hotfix bege,sandalia anabela modare tira hotfix bege
Vizzano,Preto,Dafiti,Bota Vizzano Cano Baixo Fivela Preto,"Calçados,Calçados Femininos,Botas,Bota Cano Curto","R$ 209,99","R$ 129,99","R$ 138,29",2x,Bota Vizzano Cano Baixo Fivela Preto,bota vizzano cano baixo fivela preto,bota vizzano cano baixo fivela preto
Anacapri,Preto,Dafiti,Sandália Feminina Anacapri Salto Baixo Preta,"Calçados,Calçados Femininos,Sandálias","R$ 259,90","R$ 209,99","R$ 223,39",3x,Sandália Feminina Anacapri Salto Baixo Preta,sandalia feminina anacapri salto baixo preta,sandalia feminina anacapri salto baixo preta
Modare,Preto,Dafiti,Sandália Feminina Modare Anabela Preta,"Calçados,Calçados Femininos,Sandálias,Sandália Anabela","R$ 139,90","R$ 99,99","R$ 106,37",1x,Sandália Feminina Modare Anabela Preta,sandalia feminina modare anabela preta,sandalia feminina modare anabela preta
Modare,Branco,Dafiti,Scarpin Feminino Modare Bico Fino Salto ...,"Calçados,Calçados Femininos,Scarpin","R$ 139,99","R$ 109,99","R$ 117,01",1x,Scarpin Feminino Modare Bico Fino Salto ...,scarpin feminino modare bico fino salto,scarpin feminino modare bico fino salto
Modare,Marrom,Dafiti,Mocassim Tratorado Modare Bridão Marrom,"Calçados,Calçados Femininos,Mocassim","R$ 139,90","R$ 99,99","R$ 106,37",1x,Mocassim Tratorado Modare Bridão Marrom,mocassim tratorado modare bridao marrom,mocassim tratorado modare bridao marrom
VIA UNO,Preto,Dafiti,Sapatilha Via Uno Matelassê Preta,"Calçados,Calçados Femininos,Sapatilhas,Sapatilha Bico Redondo","R$ 99,99","R$ 69,99","R$ 74,46",1x,Sapatilha Via Uno Matelassê Preta,sapatilha via uno matelasse preta,sapatilha via uno matelasse preta
Bebecê,Bege,Dafiti,Scarpin Feminino Bebecê Salto Baixo Amar...,"Calçados,Calçados Femininos,Scarpin","R$ 119,99","R$ 99,99","R$ 106,37",1x,Scarpin Feminino Bebecê Salto Baixo Amar...,scarpin feminino bebece salto baixo amar,scarpin feminino bebece salto baixo amar
Moleca,Branco,Dafiti,Tênis Moleca Recorte Branco,"Calçados,Calçados Femininos,Tênis,Tênis Casual","R$ 109,90","R$ 59,99","R$ 63,82",1x,Tênis Moleca Recorte Branco,tenis moleca recorte branco,tenis moleca recorte branco
Santa Lolla,Bege,Dafiti,Tênis Feminino Santa Lolla Detalhe Retrô...,"Calçados,Calçados Femininos,Tênis,Tênis Casual","R$ 349,90","R$ 189,99","R$ 202,12",3x,Tênis Feminino Santa Lolla Detalhe Retrô...,tenis feminino santa lolla detalhe retro,tenis feminino santa lolla detalhe retro
Via Mia,Preto,Dafiti,Mocassim Via Mia Suede Preto,"Calçados,Calçados Femininos,Mocassim","R$ 129,99","R$ 79,99","R$ 85,10",1x,Mocassim Via Mia Suede Preto,mocassim via mia suede preto,mocassim via mia suede preto
Bebecê,Cinza,Dafiti,Sapatilha Mule Bebecê Metalizada Grafite,"Calçados,Calçados Femininos,Sapatilhas,Sapatilha Bico Redondo","R$ 89,99","R$ 69,99","R$ 74,46",1x,Sapatilha Mule Bebecê Metalizada Grafite,sapatilha mule bebece metalizada grafite,sapatilha mule bebece metalizada grafite
Ramarim,Marrom,Dafiti,Tênis Feminino Ramarim Detalhe Metálico Marrom,"Calçados,Calçados Femininos,Tênis,Tênis Casual","R$ 199,90","R$ 139,99","R$ 148,93",2x,Tênis Feminino Ramarim Detalhe Metálico Marrom,tenis feminino ramarim detalhe metalico marrom,tenis feminino ramarim detalhe metalico marrom
Arezzo,Prata,Dafiti,Rasteira Feminina Arezzo Tiras Brilhantes Prateada,"Calçados,Calçados Femininos,Rasteirinhas","R$ 199,90","R$ 99,90","R$ 106,28",1x,Rasteira Feminina Arezzo Tiras Brilhantes Prateada,rasteira feminina arezzo tiras brilhantes prateada,rasteira feminina arezzo tiras brilhantes prateada
Luiza Barcelos,Bege,Dafiti,Rasteira Feminina Luiza Barcelos Fechada...,"Calçados,Calçados Femininos,Rasteirinhas","R$ 799,90","R$ 499,99","R$ 531,90",8x,Rasteira Feminina Luiza Barcelos Fechada...,rasteira feminina luiza barcelos fechada,rasteira feminina luiza barcelos fechada
Moleca,Bege,Dafiti,Rasteira Feminina Moleca Tiras Cruzadas Bege,"Calçados,Calçados Femininos,Rasteirinhas","R$ 79,90","R$ 44,99","R$ 47,86",1x,Rasteira Feminina Moleca Tiras Cruzadas Bege,rasteira feminina moleca tiras cruzadas bege,rasteira feminina moleca tiras cruzadas bege
VIA UNO,Preto,Dafiti,Bota Feminina VIA UNO Cano Curto Preta,"Calçados,Calçados Femininos,Botas,Bota Cano Curto","R$ 129,99","R$ 99,99","R$ 106,37",1x,Bota Feminina VIA UNO Cano Curto Preta,bota feminina via uno cano curto preta,bota feminina via uno cano curto preta
Colcci,Azul Marinho,Dafiti,Tênis Feminino Colcci Cano Baixo Azul Escuro,"Calçados,Calçados Femininos,Tênis,Tênis Casual","R$ 259,99","R$ 199,99","R$ 212,76",3x,Tênis Feminino Colcci Cano Baixo Azul Escuro,tenis feminino colcci cano baixo azul escuro,tenis feminino colcci cano baixo azul escuro
Modare,Bege,Dafiti,Mocassim Modare Bridão Bege,"Calçados,Calçados Femininos,Mocassim","R$ 129,90","R$ 104,99","R$ 111,69",1x,Mocassim Modare Bridão Bege,mocassim modare bridao bege,mocassim modare bridao bege
VIA UNO,Vermelho,Dafiti,Tamanco Via Uno Liso Vermelho,"Calçados,Calçados Femininos,Tamanco","R$ 109,99","R$ 54,99","R$ 58,50",1x,Tamanco Via Uno Liso Vermelho,tamanco via uno liso vermelho,tamanco via uno liso vermelho
Anacapri,Preto,Dafiti,Mocassim Feminino Anacapri Detalhe Metal...,"Calçados,Calçados Femininos,Mocassim","R$ 189,90","R$ 99,99","R$ 106,37",1x,Mocassim Feminino Anacapri Detalhe Metal...,mocassim feminino anacapri detalhe metal,mocassim feminino anacapri detalhe metal
Jorge Bischoff,Marrom,Dafiti,Mocassim Jorge Bischoff Couro Marrom,"Calçados,Calçados Femininos,Mocassim","R$ 499,00","R$ 329,99","R$ 351,05",5x,Mocassim Jorge Bischoff Couro Marrom,mocassim jorge bischoff couro marrom,mocassim jorge bischoff couro marrom
Anacapri,Dourado,Dafiti,Rasteira ANACAPRI 2 tiras Dourada,"Calçados,Calçados Femininos,Rasteirinhas","R$ 154,90","R$ 109,99","R$ 117,01",1x,Rasteira ANACAPRI 2 tiras Dourada,rasteira anacapri 2 tiras dourada,rasteira anacapri 2 tiras dourada
Colcci,Preto,Dafiti,Tênis Feminino Colcci Com Cadarço Preto,"Calçados,Calçados Femininos,Tênis,Tênis performance,Esporte,Esporte Feminino,Calçados,Tênis Performance","R$ 269,90","R$ 139,99","R$ 148,93",2x,Tênis Feminino Colcci Com Cadarço Preto,tenis feminino colcci com cadarco preto,tenis feminino colcci cadarco preto
Kolosh,Preto,Dafiti,Tênis Kolosh Recortes Preto,"Calçados,Calçados Femininos,Tênis,Tênis Casual","R$ 199,99","R$ 159,99","R$ 170,20",2x,Tênis Kolosh Recortes Preto,tenis kolosh recortes preto,tenis kolosh recortes preto
Santa Lolla,Vinho,Dafiti,Scarpin Feminino Santa Lolla Bico Fino Vinho,"Calçados,Calçados Femininos,Scarpin","R$ 229,90","R$ 179,99","R$ 191,48",3x,Scarpin Feminino Santa Lolla Bico Fino Vinho,scarpin feminino santa lolla bico fino vinho,scarpin feminino santa lolla bico fino vinho
Via Mia,Marrom,Dafiti,Sapatilha Via Mia Lisa Marrom,"Calçados,Calçados Femininos,Sapatilhas,Sapatilha Bico Redondo","R$ 99,99","R$ 64,99","R$ 69,14",1x,Sapatilha Via Mia Lisa Marrom,sapatilha via mia lisa marrom,sapatilha via mia lisa marrom
Asics,Preto,Dafiti,Tênis Asics JAPAN S Preto,"Calçados,Calçados Femininos,Tênis,Tênis Casual,Esporte,Esporte Feminino,Calçados,Tênis Performance","R$ 349,99","R$ 254,99","R$ 271,27",4x,Tênis Asics JAPAN S Preto,tenis asics japan s preto,tenis asics japan s preto
Asics,Preto,Dafiti,Tênis  Asics Gel 1130 Preto,"Calçados,Calçados Femininos,Tênis,Tênis Casual,Calçados Masculinos,Tênis,Tênis Casual","R$ 699,99","R$ 657,98","R$ 699,98",10x,Tênis  Asics Gel 1130 Preto,tenis asics gel 1130 preto,tenis asics gel 1130 preto
Jorge Bischoff,Caramelo,Dafiti,Sandália Jorge Bischoff Camurça Caramelo,"Calçados,Calçados Femininos,Sandálias,Sandália Salto Grosso","R$ 599,00","R$ 209,99","R$ 223,39",3x,Sandália Jorge Bischoff Camurça Caramelo,sandalia jorge bischoff camurca caramelo,sandalia jorge bischoff camurca caramelo
Bottero,Branco,Dafiti,Tênis Bottero Velcro Branco,"Calçados,Calçados Femininos,Tênis,Tênis Casual","R$ 299,99","R$ 269,99","R$ 287,22",4x,Tênis Bottero Velcro Branco,tenis bottero velcro branco,tenis bottero velcro branco
Dakota,Branco,Dafiti,Tênis Feminino Dakota Com Cadarço Detalh...,"Calçados,Calçados Femininos,Tênis,Tênis Casual","R$ 239,99","R$ 119,99","R$ 127,65",2x,Tênis Feminino Dakota Com Cadarço Detalh...,tenis feminino dakota com cadarco detalh,tenis feminino dakota cadarco detalh
VIA UNO,Preto,Dafiti,Bota Feminina VIA UNO Cano Curto Sintético Preta,"Calçados,Calçados Femininos,Botas,Bota Cano Curto","R$ 169,99","R$ 119,99","R$ 127,65",2x,Bota Feminina VIA UNO Cano Curto Sintético Preta,bota feminina via uno cano curto sintetico preta,bota feminina via uno cano curto sintetico preta
Mooncity,Preto,Dafiti,Bota Chelsea Mooncity Cano Médio Preta,"Calçados,Calçados Femininos,Botas,Bota Cano Curto","R$ 179,99","R$ 169,99","R$ 169,99",2x,Bota Chelsea Mooncity Cano Médio Preta,bota chelsea mooncity cano medio preta,bota chelsea mooncity cano medio preta
Santa Lolla,Bege,Dafiti,Tênis Feminino Santa Lolla Cadarço Bege,"Calçados,Calçados Femininos,Tênis,Tênis Casual","R$ 199,90","R$ 119,99","R$ 127,65",2x,Tênis Feminino Santa Lolla Cadarço Bege,tenis feminino santa lolla cadarco bege,tenis feminino santa lolla cadarco bege
Asics,Branco,Dafiti,Tênis Feminino Asics Gel-1130 Branco,"Calçados,Calçados Femininos,Tênis,Tênis Casual","R$ 649,99","R$ 609,99","R$ 648,93",10x,Tênis Feminino Asics Gel-1130 Branco,tenis feminino asics gel 1130 branco,tenis feminino asics gel 1130 branco
Bebecê,Vinho,Dafiti,Sapatilha Slingback Bebecê Lisa Bordô,"Calçados,Calçados Femininos,Sapatilhas,Sapatilha Bico Fino","R$ 89,99","R$ 64,99","R$ 69,14",1x,Sapatilha Slingback Bebecê Lisa Bordô,sapatilha slingback bebece lisa bordo,sapatilha slingback bebece lisa bordo
Bottero,Off-white,Dafiti,Sandália Feminina Bottero Salto Anabela Off-White,"Calçados,Calçados Femininos,Sandálias,Sandália Anabela","R$ 279,99","R$ 209,99","R$ 223,39",3x,Sandália Feminina Bottero Salto Anabela Off-White,sandalia feminina bottero salto anabela off white,sandalia feminina bottero salto anabela off white
Santa Lolla,Preto,Dafiti,Scarpin slingback Feminino Santa Lolla Couro Preto,"Calçados,Calçados Femininos,Scarpin","R$ 229,90","R$ 179,99","R$ 191,48",3x,Scarpin slingback Feminino Santa Lolla Couro Preto,scarpin slingback feminino santa lolla couro preto,scarpin slingback feminino santa lolla couro preto
Moleca,Bege,Dafiti,Sandália Feminina Moleca Salto Anabela Bege,"Calçados,Calçados Femininos,Tamanco","R$ 119,90","R$ 79,99","R$ 85,10",1x,Sandália Feminina Moleca Salto Anabela Bege,sandalia feminina moleca salto anabela bege,sandalia feminina moleca salto anabela bege
Modare,Off-white,Dafiti,Mocassim Flat Modare Liso Off-White,"Calçados,Calçados Femininos,Mocassim","R$ 129,90","R$ 104,99","R$ 111,69",1x,Mocassim Flat Modare Liso Off-White,mocassim flat modare liso off white,mocassim flat modare liso off white
Beira Rio,Nude,Dafiti,Scarpin Feminino Beira Rio Bico Arredond...,"Calçados,Calçados Femininos,Scarpin","R$ 159,90","R$ 64,99","R$ 69,14",1x,Scarpin Feminino Beira Rio Bico Arredond...,scarpin feminino beira rio bico arredond,scarpin feminino beira rio bico arredond
Beira Rio,Preto,Dafiti,Rasteirinha Feminina Beira Rio Tiras Fivela Preta,"Calçados,Calçados Femininos,Rasteirinhas","R$ 99,99","R$ 69,99","R$ 74,46",1x,Rasteirinha Feminina Beira Rio Tiras Fivela Preta,rasteirinha feminina beira rio tiras fivela preta,rasteirinha feminina beira rio tiras fivela preta
Moleca,Off-white,Dafiti,Sandália Feminina Moleca Aplique Cabedal Areia,"Calçados,Calçados Femininos,Sandálias,Sandália Salto Grosso","R$ 139,90","R$ 99,99","R$ 106,37",1x,Sandália Feminina Moleca Aplique Cabedal Areia,sandalia feminina moleca aplique cabedal areia,sandalia feminina moleca aplique cabedal areia
Arezzo,Rosa,Dafiti,Scarpin Arezzo Salto Bloco Fivela True Sand,"Calçados,Calçados Femininos,Scarpin","R$ 399,99","R$ 375,99","R$ 399,99",6x,Scarpin Arezzo Salto Bloco Fivela True Sand,scarpin arezzo salto bloco fivela true sand,scarpin arezzo salto bloco fivela true sand
Bebecê,Preto,Dafiti,Sandália Bebecê Texturizada Preta,"Calçados,Calçados Femininos,Sandálias,Sandália Salto Grosso","R$ 99,99","R$ 69,99","R$ 74,46",1x,Sandália Bebecê Texturizada Preta,sandalia bebece texturizada preta,sandalia bebece texturizada preta
Jorge Bischoff,Bege,Dafiti,Tênis Feminino Jorge Bischoff Trama Bege,"Calçados,Calçados Femininos,Tênis,Tênis Casual","R$ 599,00","R$ 324,99","R$ 345,73",5x,Tênis Feminino Jorge Bischoff Trama Bege,tenis feminino jorge bischoff trama bege,tenis feminino jorge bischoff trama bege
adidas Originals,Prata,Dafiti,Tênis adidas Originals Taekwondo Lace Prata,"Calçados,Calçados Femininos,Tênis,Tênis Casual","R$ 599,99","R$ 359,99","R$ 382,97",6x,Tênis adidas Originals Taekwondo Lace Prata,tenis adidas originals taekwondo lace prata,tenis adidas originals taekwondo lace prata
Capodarte,Marrom,Dafiti,Rasteira Feminina Capodarte Tiras Finas Marrom,"Calçados,Calçados Femininos,Rasteirinhas","R$ 330,00","R$ 159,99","R$ 170,20",2x,Rasteira Feminina Capodarte Tiras Finas Marrom,rasteira feminina capodarte tiras finas marrom,rasteira feminina capodarte tiras finas marrom
Lança Perfume,Bege,Dafiti,Rasteira Feminina Lança Perfume Slide Es...,"Calçados,Calçados Femininos,Rasteirinhas","R$ 397,00",,"R$ 397,00",6x,Rasteira Feminina Lança Perfume Slide Es...,rasteira feminina lanca perfume slide es,rasteira feminina lanca perfume slide es
Santa Lolla,Preto,Dafiti,Tamanco Anabela Feminino Santa Lolla Thong Preto,"Calçados,Calçados Femininos,Tamanco","R$ 269,90","R$ 194,99","R$ 207,44",3x,Tamanco Anabela Feminino Santa Lolla Thong Preto,tamanco anabela feminino santa lolla thong preto,tamanco anabela feminino santa lolla thong preto
Jorge Bischoff,Preto,Dafiti,Bota Feminina Jorge Bischoff Cano Baixo Preta,"Calçados,Calçados Femininos,Botas,Bota Cano Curto","R$ 799,00","R$ 409,99","R$ 436,16",7x,Bota Feminina Jorge Bischoff Cano Baixo Preta,bota feminina jorge bischoff cano baixo preta,bota feminina jorge bischoff cano baixo preta
Vizzano,Marrom,Dafiti,Sandália Feminina Vizzano Salto Bloco Marrom,"Calçados,Calçados Femininos,Sandálias","R$ 179,90","R$ 119,99","R$ 127,65",2x,Sandália Feminina Vizzano Salto Bloco Marrom,sandalia feminina vizzano salto bloco marrom,sandalia feminina vizzano salto bloco marrom
Dakota,Preto,Dafiti,Bota Feminina Dakota Cano Baixo Detalhe ...,"Calçados,Calçados Femininos,Botas,Bota Cano Curto","R$ 289,99","R$ 159,99","R$ 170,20",2x,Bota Feminina Dakota Cano Baixo Detalhe ...,bota feminina dakota cano baixo detalhe,bota feminina dakota cano baixo detalhe
Fila,Rosa,Dafiti,Tênis Feminino Fila Striker Rosa,"Calçados,Calçados Femininos,Tênis,Tênis Casual","R$ 399,99","R$ 279,99","R$ 297,86",4x,Tênis Feminino Fila Striker Rosa,tenis feminino fila striker rosa,tenis feminino fila striker rosa
Jorge Bischoff,Caramelo,Dafiti,Tênis Feminino Jorge Bischoff Detalhe Do...,"Calçados,Calçados Femininos,Tênis,Tênis Casual","R$ 699,00","R$ 379,99","R$ 404,24",6x,Tênis Feminino Jorge Bischoff Detalhe Do...,tenis feminino jorge bischoff detalhe do,tenis feminino jorge bischoff detalhe
Vizzano,Preto,Dafiti,Mule Feminino Vizzano Salto Bloco Plataforma Preto,"Calçados,Calçados Femininos,Mocassim","R$ 199,90","R$ 144,99","R$ 154,24",2x,Mule Feminino Vizzano Salto Bloco Plataforma Preto,mule feminino vizzano salto bloco plataforma preto,mule feminino vizzano salto bloco plataforma preto
Coca Cola,Marrom,Dafiti,Tênis Feminino Coca Cola Cadarço Marrom,"Calçados,Calçados Femininos,Tênis,Tênis Casual","R$ 169,90","R$ 89,99","R$ 95,73",1x,Tênis Feminino Coca Cola Cadarço Marrom,tenis feminino coca cola cadarco marrom,tenis feminino coca cola cadarco marrom
Vans,Azul,Dafiti,Vans Old Skool Azul,"Calçados,Calçados Femininos,Tênis,Tênis Casual,Calçados Masculinos,Tênis,Tênis Casual","R$ 379,99","R$ 357,19","R$ 379,99",6x,Vans Old Skool Azul,vans old skool azul,vans old skool azul
Jorge Bischoff,Prata,Dafiti,Tênis Jorge Bischoff Matelassê Prata,"Calçados,Calçados Femininos,Tênis,Tênis Casual","R$ 599,00","R$ 229,99","R$ 244,67",4x,Tênis Jorge Bischoff Matelassê Prata,tenis jorge bischoff matelasse prata,tenis jorge bischoff matelasse prata
Dakota,Off-white,Dafiti,Sandália Baixa Feminina Dakota Tiras Tra...,"Calçados,Calçados Femininos,Sandálias","R$ 149,99","R$ 99,99","R$ 106,37",1x,Sandália Baixa Feminina Dakota Tiras Tra...,sandalia baixa feminina dakota tiras tra,sandalia baixa feminina dakota tiras tra
Arezzo,Marrom,Dafiti,Mocassim Feminino Arezzo Couro Marrom,"Calçados,Calçados Femininos,Mocassim","R$ 359,90","R$ 338,30","R$ 359,89",6x,Mocassim Feminino Arezzo Couro Marrom,mocassim feminino arezzo couro marrom,mocassim feminino arezzo couro marrom
Kolosh,Marrom,Dafiti,Tênis Feminino Kolosh Casual Marrom,"Calçados,Calçados Femininos,Tênis,Tênis Casual","R$ 199,99","R$ 144,99","R$ 154,24",2x,Tênis Feminino Kolosh Casual Marrom,tenis feminino kolosh casual marrom,tenis feminino kolosh casual marrom
Santa Lolla,Nude,Dafiti,Sandália Feminina Santa Lolla Ponta Quadrada Nude,"Calçados,Calçados Femininos,Tamanco","R$ 199,90","R$ 139,99","R$ 148,93",2x,Sandália Feminina Santa Lolla Ponta Quadrada Nude,sandalia feminina santa lolla ponta quadrada nude,sandalia feminina santa lolla ponta quadrada nude
Vizzano,Marrom,Dafiti,Scarpin Feminino Vizzano Salto Fino Slin...,"Calçados,Calçados Femininos,Scarpin","R$ 179,99","R$ 109,99","R$ 117,01",1x,Scarpin Feminino Vizzano Salto Fino Slin...,scarpin feminino vizzano salto fino slin,scarpin feminino vizzano salto fino slin
Luiza Barcelos,Preto,Dafiti,Rasteira Feminina Luiza Barcelos Couro S...,"Calçados,Calçados Femininos,Rasteirinhas","R$ 799,90","R$ 469,99","R$ 499,99",8x,Rasteira Feminina Luiza Barcelos Couro S...,rasteira feminina luiza barcelos couro s,rasteira feminina luiza barcelos couro s
adidas Originals,Caramelo,Dafiti,Tênis adidas Originals Handball Spezial ...,"Calçados,Calçados Femininos,Tênis,Tênis Casual","R$ 799,99","R$ 751,98","R$ 799,98",10x,Tênis adidas Originals Handball Spezial ...,tenis adidas originals handball spezial,tenis adidas originals handball spezial
Kolosh,Marrom,Dafiti,Tênis Feminino Kolosh Zíper Lateral Marrom,"Calçados,Calçados Femininos,Tênis,Tênis Casual","R$ 289,99","R$ 149,99","R$ 159,56",2x,Tênis Feminino Kolosh Zíper Lateral Marrom,tenis feminino kolosh ziper lateral marrom,tenis feminino kolosh ziper lateral marrom
Beira Rio,Marrom,Dafiti,Mocassim Feminino Beira Rio Corrente Marrom,"Calçados,Calçados Femininos,Mocassim","R$ 129,90","R$ 99,99","R$ 106,37",1x,Mocassim Feminino Beira Rio Corrente Marrom,mocassim feminino beira rio corrente marrom,mocassim feminino beira rio corrente marrom
Bebecê,Preto,Dafiti,Sandália Feminina Bebecê Salto Bloco Méd...,"Calçados,Calçados Femininos,Sandálias","R$ 199,90","R$ 109,99","R$ 117,01",1x,Sandália Feminina Bebecê Salto Bloco Méd...,sandalia feminina bebece salto bloco med,sandalia feminina bebece salto bloco med
Anacapri,Branco,Dafiti,Tênis Feminino Anacapri Ponta Arredondada Branco,"Calçados,Calçados Femininos,Tênis,Tênis Casual","R$ 279,90","R$ 219,99","R$ 234,03",3x,Tênis Feminino Anacapri Ponta Arredondada Branco,tenis feminino anacapri ponta arredondada branco,tenis feminino anacapri ponta arredondada branco
Beira Rio,Preto,Dafiti,Rasteira Beira Rio Fivela Dourada Preta,"Calçados,Calçados Femininos,Rasteirinhas","R$ 99,90","R$ 39,99","R$ 42,54",1x,Rasteira Beira Rio Fivela Dourada Preta,rasteira beira rio fivela dourada preta,rasteira beira rio fivela dourada preta
Usaflex,Vermelho,Dafiti,Sapatilha Feminina Usaflex Bico Redondo Vermelha,"Calçados,Calçados Femininos,Sapatilhas,Sapatilha Bico Redondo","R$ 199,99","R$ 129,99","R$ 138,29",2x,Sapatilha Feminina Usaflex Bico Redondo Vermelha,sapatilha feminina usaflex bico redondo vermelha,sapatilha feminina usaflex bico redondo vermelha
Arezzo,Vinho,Dafiti,Sandália Feminina Arezzo Couro Salto Alto Vinho,"Calçados,Calçados Femininos,Sandálias,Sandália Salto Grosso","R$ 579,90","R$ 545,10","R$ 579,89",9x,Sandália Feminina Arezzo Couro Salto Alto Vinho,sandalia feminina arezzo couro salto alto vinho,sandalia feminina arezzo couro salto alto vinho
Beira Rio,Bege,Dafiti,Sapatilha Feminina Beira Rio Ponta Redonda Bege,"Calçados,Calçados Femininos,Sapatilhas,Sapatilha Bico Redondo","R$ 99,90","R$ 39,99","R$ 42,54",1x,Sapatilha Feminina Beira Rio Ponta Redonda Bege,sapatilha feminina beira rio ponta redonda bege,sapatilha feminina beira rio ponta redonda bege
Moleca,Bege,Dafiti,Tênis Feminino Moleca Cadarço Bege,"Calçados,Calçados Femininos,Tênis,Tênis Casual","R$ 159,99","R$ 99,99","R$ 106,37",1x,Tênis Feminino Moleca Cadarço Bege,tenis feminino moleca cadarco bege,tenis feminino moleca cadarco bege
Melissa,Bege,Dafiti,Sandália Feminina Melissa Salto Médio Br...,"Calçados,Calçados Femininos,Sandálias","R$ 229,90","R$ 216,10","R$ 229,89",3x,Sandália Feminina Melissa Salto Médio Br...,sandalia feminina melissa salto medio br,sandalia feminina melissa salto medio br
Bottero,Marrom,Dafiti,Bota Feminina Bottero Cano Baixo Salto M...,"Calçados,Calçados Femininos,Botas,Bota Cano Curto","R$ 419,99","R$ 309,99","R$ 329,78",5x,Bota Feminina Bottero Cano Baixo Salto M...,bota feminina bottero cano baixo salto m,bota feminina bottero cano baixo salto m
Vizzano,Preto,Dafiti,Sandália Feminina Vizzano Salto Médio Ge...,"Calçados,Calçados Femininos,Sandálias","R$ 149,90","R$ 79,99","R$ 85,10",1x,Sandália Feminina Vizzano Salto Médio Ge...,sandalia feminina vizzano salto medio ge,sandalia feminina vizzano salto medio ge
Kolosh,Cinza,Dafiti,Tênis Feminino Kolosh Casual Cinza,"Calçados,Calçados Femininos,Tênis,Tênis Casual","R$ 189,99","R$ 129,99","R$ 138,29",2x,Tênis Feminino Kolosh Casual Cinza,tenis feminino kolosh casual cinza,tenis feminino kolosh casual cinza
Melissa,Rosa,Dafiti,Kit Rasteira e Bolsa Feminina Melissa Ti...,"Calçados,Calçados Femininos,Rasteirinhas","R$ 169,90","R$ 159,70","R$ 169,89",2x,Kit Rasteira e Bolsa Feminina Melissa Ti...,kit rasteira e bolsa feminina melissa ti,kit rasteira bolsa feminina melissa ti
Modare,Azul,Dafiti,Tênis Slip On Modare Gel Azul,"Calçados,Calçados Femininos,Tênis,Tênis Casual","R$ 159,90","R$ 109,99","R$ 117,01",1x,Tênis Slip On Modare Gel Azul,tenis slip on modare gel azul,tenis slip on modare gel azul
Jorge Bischoff,Off-white,Dafiti,Sapatilha Feminina Jorge Bischoff Mary J...,"Calçados,Calçados Femininos,Sapatilhas,Sapatilha Bico Redondo","R$ 499,00","R$ 219,99","R$ 234,03",3x,Sapatilha Feminina Jorge Bischoff Mary J...,sapatilha feminina jorge bischoff mary j,sapatilha feminina jorge bischoff mary j
Via Mia,Caramelo,Dafiti,Sapatilha Via Mia lisa Caramelo,"Calçados,Calçados Femininos,Sapatilhas,Sapatilha Bico Fino","R$ 99,99","R$ 64,99","R$ 69,14",1x,Sapatilha Via Mia lisa Caramelo,sapatilha via mia lisa caramelo,sapatilha via mia lisa caramelo
Asics,Cinza,Dafiti,Tênis Asics Gel Nimbus 28 TR Cinza,"Calçados,Calçados Femininos,Tênis,Tênis Casual","R$ 1.399,99","R$ 1.315,98","R$ 1.399,98",10x,Tênis Asics Gel Nimbus 28 TR Cinza,tenis asics gel nimbus 28 tr cinza,tenis asics gel nimbus 28 tr cinza
Anacapri,Branco,Dafiti,Tênis Feminino Anacapri Solado Caramelo Branco,"Calçados,Calçados Femininos,Tênis,Tênis Casual","R$ 279,90","R$ 159,99","R$ 170,20",2x,Tênis Feminino Anacapri Solado Caramelo Branco,tenis feminino anacapri solado caramelo branco,tenis feminino anacapri solado caramelo branco
Beira Rio,Nude,Dafiti,Rasteira Feminina Beira Rio Detalhe Metálico Nude,"Calçados,Calçados Femininos,Rasteirinhas","R$ 89,90","R$ 44,99","R$ 47,86",1x,Rasteira Feminina Beira Rio Detalhe Metálico Nude,rasteira feminina beira rio detalhe metalico nude,rasteira feminina beira rio detalhe metalico nude
Asics,Rosa,Dafiti,Tênis Feminino Asics Novablast 5 Rosa,"Calçados,Calçados Femininos,Tênis,Tênis Casual","R$ 1.099,99","R$ 739,99","R$ 787,22",10x,Tênis Feminino Asics Novablast 5 Rosa,tenis feminino asics novablast 5 rosa,tenis feminino asics novablast 5 rosa
VIA UNO,Off-white,Dafiti,Sandália Feminina VIA UNO Salto Bloco Fi...,"Calçados,Calçados Femininos,Sandálias,Sandália Salto Grosso","R$ 129,99","R$ 89,99","R$ 95,73",1x,Sandália Feminina VIA UNO Salto Bloco Fi...,sandalia feminina via uno salto bloco fi,sandalia feminina via uno salto bloco fi
Mooncity,Preto,Dafiti,Bota Mooncity Cano Baixo Pelos Preta,"Calçados,Calçados Femininos,Botas,Bota Cano Curto","R$ 189,90","R$ 89,99","R$ 95,73",1x,Bota Mooncity Cano Baixo Pelos Preta,bota mooncity cano baixo pelos preta,bota mooncity cano baixo preta
Moleca,Preto,Dafiti,Bota Feminina Moleca Cano Curto Fivela Preta,"Calçados,Calçados Femininos,Botas,Bota Cano Curto","R$ 139,90","R$ 99,99","R$ 106,37",1x,Bota Feminina Moleca Cano Curto Fivela Preta,bota feminina moleca cano curto fivela preta,bota feminina moleca cano curto fivela preta
Vizzano,Preto,Dafiti,Sapatilha Mule Vizzano Aplicação Metaliz...,"Calçados,Calçados Femininos,Sapatilhas,Sapatilha Bico Redondo","R$ 149,90","R$ 64,99","R$ 69,14",1x,Sapatilha Mule Vizzano Aplicação Metaliz...,sapatilha mule vizzano aplicacao metaliz,sapatilha mule vizzano aplicacao metaliz
Arezzo,Marrom,Dafiti,Rasteira Arezzo Detalhe Dourado Marrom,"Calçados,Calçados Femininos,Rasteirinhas","R$ 259,99","R$ 244,39","R$ 259,99",4x,Rasteira Arezzo Detalhe Dourado Marrom,rasteira arezzo detalhe dourado marrom,rasteira arezzo detalhe dourado marrom
Modare,Off-white,Dafiti,Scarpin Slingback Modare Laço Off-White,"Calçados,Calçados Femininos,Scarpin","R$ 139,90","R$ 109,99","R$ 117,01",1x,Scarpin Slingback Modare Laço Off-White,scarpin slingback modare laco off white,scarpin slingback modare laco off white
Moleca,Nude,Dafiti,Mocassim Moleca Com Aplicação Decorativa Nude,"Calçados,Calçados Femininos,Mocassim","R$ 99,90","R$ 44,99","R$ 47,86",1x,Mocassim Moleca Com Aplicação Decorativa Nude,mocassim moleca com aplicacao decorativa nude,mocassim moleca aplicacao decorativa nude
Anacapri,Off-white,Dafiti,Tênis Anacapri Recorte Off-White,"Calçados,Calçados Femininos,Tênis,Tênis Casual","R$ 229,90","R$ 189,99","R$ 202,12",3x,Tênis Anacapri Recorte Off-White,tenis anacapri recorte off white,tenis anacapri recorte off white
Anacapri,Caramelo,Dafiti,Tênis Anacapri Recortes Caramelo,"Calçados,Calçados Femininos,Tênis,Tênis Casual","R$ 319,99","R$ 239,99","R$ 255,31",4x,Tênis Anacapri Recortes Caramelo,tenis anacapri recortes caramelo,tenis anacapri recortes caramelo
Loucos e Santos,Dourado,Dafiti,Scarpin Feminino Loucos e Santos Recorte...,"Calçados,Calçados Femininos,Scarpin","R$ 439,00","R$ 249,99","R$ 265,95",4x,Scarpin Feminino Loucos e Santos Recorte...,scarpin feminino loucos e santos recorte,scarpin feminino loucos santos recorte
Arezzo,Marrom,Dafiti,Sapatilha Feminina Arezzo Bico Fino Slin...,"Calçados,Calçados Femininos,Sapatilhas,Sapatilha Bico Fino","R$ 359,99","R$ 338,39","R$ 359,99",6x,Sapatilha Feminina Arezzo Bico Fino Slin...,sapatilha feminina arezzo bico fino slin,sapatilha feminina arezzo bico fino slin
Jorge Bischoff,Marrom,Dafiti,Bota Feminina Jorge Bischoff Cano Baixo Marrom,"Calçados,Calçados Femininos,Botas,Bota Cano Curto","R$ 849,00","R$ 429,99","R$ 457,44",7x,Bota Feminina Jorge Bischoff Cano Baixo Marrom,bota feminina jorge bischoff cano baixo marrom,bota feminina jorge bischoff cano baixo marrom
Santa Lolla,Preto,Dafiti,Scarpin Feminino Santa Lolla Couro Tiras Preto,"Calçados,Calçados Femininos,Scarpin","R$ 329,90","R$ 259,99","R$ 276,59",4x,Scarpin Feminino Santa Lolla Couro Tiras Preto,scarpin feminino santa lolla couro tiras preto,scarpin feminino santa lolla couro tiras preto
Capodarte,Marrom,Dafiti,Rasteira Feminina Capodarte Tiras Monograma Marrom,"Calçados,Calçados Femininos,Rasteirinhas","R$ 310,00","R$ 149,99","R$ 159,56",2x,Rasteira Feminina Capodarte Tiras Monograma Marrom,rasteira feminina capodarte tiras monograma marrom,rasteira feminina capodarte tiras monograma marrom
Santa Lolla,Preto,Dafiti,Sandália Alta Santa Lolla Verniz Preta,"Calçados,Calçados Femininos,Sandálias","R$ 289,90","R$ 159,99","R$ 170,20",2x,Sandália Alta Santa Lolla Verniz Preta,sandalia alta santa lolla verniz preta,sandalia alta santa lolla verniz preta
Anacapri,Bege,Dafiti,Tênis Feminino Anacapri Detalhe Laranja Bege,"Calçados,Calçados Femininos,Tênis,Tênis Casual","R$ 319,90","R$ 179,99","R$ 191,48",3x,Tênis Feminino Anacapri Detalhe Laranja Bege,tenis feminino anacapri detalhe laranja bege,tenis feminino anacapri detalhe laranja bege
Arezzo,Nude,Dafiti,Sapatilha Arezzo Bico Fino True Sand,"Calçados,Calçados Femininos,Sapatilhas,Sapatilha Bico Fino","R$ 249,99","R$ 234,99","R$ 249,99",4x,Sapatilha Arezzo Bico Fino True Sand,sapatilha arezzo bico fino true sand,sapatilha arezzo bico fino true sand
Moleca,Branco,Dafiti,Tênis Feminino Moleca Ponta Arredondada ...,"Calçados,Calçados Femininos,Tênis,Tênis Casual","R$ 139,90","R$ 69,99","R$ 74,46",1x,Tênis Feminino Moleca Ponta Arredondada ...,tenis feminino moleca ponta arredondada,tenis feminino moleca ponta arredondada
VIA UNO,Bege,Dafiti,Rasteira Feminina VIA UNO Fechada Tiras ...,"Calçados,Calçados Femininos,Rasteirinhas","R$ 119,99","R$ 59,99","R$ 63,82",1x,Rasteira Feminina VIA UNO Fechada Tiras ...,rasteira feminina via uno fechada tiras,rasteira feminina via uno fechada tiras
Santa Lolla,Preto,Dafiti,Rasteira Feminina Santa Lolla Tiras Cruzadas Preta,"Calçados,Calçados Femininos,Rasteirinhas","R$ 199,90","R$ 129,99","R$ 138,29",2x,Rasteira Feminina Santa Lolla Tiras Cruzadas Preta,rasteira feminina santa lolla tiras cruzadas preta,rasteira feminina santa lolla tiras cruzadas preta
Dakota,Caramelo,Dafiti,Bota Dakota Cano baixo Caramelo,"Calçados,Calçados Femininos,Botas,Bota Cano Médio","R$ 219,99","R$ 139,99","R$ 148,93",2x,Bota Dakota Cano baixo Caramelo,bota dakota cano baixo caramelo,bota dakota cano baixo caramelo
Beira Rio,Preto,Dafiti,Sandália Feminina Beira Rio Anabela Preta,"Calçados,Calçados Femininos,Sandálias,Sandália Anabela","R$ 129,99","R$ 89,99","R$ 95,73",1x,Sandália Feminina Beira Rio Anabela Preta,sandalia feminina beira rio anabela preta,sandalia feminina beira rio anabela preta
Loucos e Santos,Cinza,Dafiti,Tênis Couro Loucos E Santos Com Cadarço Cinza,"Calçados,Calçados Femininos,Tênis,Tênis Casual","R$ 399,99","R$ 209,99","R$ 223,39",3x,Tênis Couro Loucos E Santos Com Cadarço Cinza,tenis couro loucos e santos com cadarco cinza,tenis couro loucos santos cadarco cinza
Beira Rio,Off-white,Dafiti,Rasteira Feminina Beira Rio Tiras Off-White,"Calçados,Calçados Femininos,Rasteirinhas","R$ 119,99","R$ 79,99","R$ 85,10",1x,Rasteira Feminina Beira Rio Tiras Off-White,rasteira feminina beira rio tiras off white,rasteira feminina beira rio tiras off white
Luiza Barcelos,Dourado,Dafiti,Rasteira Feminina Luiza Barcelos Trançada Dourada,"Calçados,Calçados Femininos,Rasteirinhas","R$ 499,90","R$ 309,99","R$ 329,78",5x,Rasteira Feminina Luiza Barcelos Trançada Dourada,rasteira feminina luiza barcelos trancada dourada,rasteira feminina luiza barcelos trancada dourada
Beira Rio,Preto,Dafiti,Scarpin Beira Rio Verniz Salto Grosso Preto,"Calçados,Calçados Femininos,Scarpin","R$ 139,99","R$ 104,99","R$ 111,69",1x,Scarpin Beira Rio Verniz Salto Grosso Preto,scarpin beira rio verniz salto grosso preto,scarpin beira rio verniz salto grosso preto
Anacapri,Bege,Dafiti,Tênis Anacapri Suede Bege,"Calçados,Calçados Femininos,Tênis,Tênis Casual","R$ 269,99","R$ 209,99","R$ 223,39",3x,Tênis Anacapri Suede Bege,tenis anacapri suede bege,tenis anacapri suede bege
Via Marte,Bege,Dafiti,Sandália Feminina Via Marte Anabela Croco Bege,"Calçados,Calçados Femininos,Tamanco","R$ 179,99","R$ 124,99","R$ 132,97",2x,Sandália Feminina Via Marte Anabela Croco Bege,sandalia feminina via marte anabela croco bege,sandalia feminina via marte anabela croco bege
Usaflex,Bordô,Dafiti,Sapatilha Feminina Usaflex Couro Bordô,"Calçados,Calçados Femininos,Sapatilhas,Sapatilha Bico Redondo","R$ 359,99","R$ 134,99","R$ 143,61",2x,Sapatilha Feminina Usaflex Couro Bordô,sapatilha feminina usaflex couro bordo,sapatilha feminina usaflex couro bordo
Converse,Bege,Dafiti,Tênis Converse Chuck Taylor All Star Fem...,"Calçados,Calçados Femininos,Tênis,Tênis Casual","R$ 369,90",,"R$ 369,90",6x,Tênis Converse Chuck Taylor All Star Fem...,tenis converse chuck taylor all star fem,tenis converse chuck taylor all star fem
Mississipi,Preto,Dafiti,Bota Feminina Mississipi Cano Baixo Preta,"Calçados,Calçados Femininos,Botas,Bota Cano Curto","R$ 249,99","R$ 139,99","R$ 148,93",2x,Bota Feminina Mississipi Cano Baixo Preta,bota feminina mississipi cano baixo preta,bota feminina mississipi cano baixo preta
Anacapri,Preto,Dafiti,Mocassim Feminino ANACAPRI Salto Médio D...,"Calçados,Calçados Femininos,Mocassim","R$ 279,90","R$ 219,99","R$ 234,03",3x,Mocassim Feminino ANACAPRI Salto Médio D...,mocassim feminino anacapri salto medio d,mocassim feminino anacapri salto medio d
Santa Lolla,Preto,Dafiti,Sandália Santa Lolla Tira Hotfix Preta,"Calçados,Calçados Femininos,Sandálias,Sandália Salto Grosso","R$ 299,90","R$ 154,99","R$ 164,88",2x,Sandália Santa Lolla Tira Hotfix Preta,sandalia santa lolla tira hotfix preta,sandalia santa lolla tira hotfix preta
Arezzo,Marrom,Dafiti,Sandália Média Arezzo Salto Fino Aplicaç...,"Calçados,Calçados Femininos,Sandálias","R$ 359,99","R$ 338,39","R$ 359,99",6x,Sandália Média Arezzo Salto Fino Aplicaç...,sandalia media arezzo salto fino aplicac,sandalia media arezzo salto fino aplicac
Vizzano,Marrom,Dafiti,Scarpin Feminino Vizzano Salto Bloco Verniz Marrom,"Calçados,Calçados Femininos,Scarpin","R$ 139,90","R$ 99,99","R$ 106,37",1x,Scarpin Feminino Vizzano Salto Bloco Verniz Marrom,scarpin feminino vizzano salto bloco verniz marrom,scarpin feminino vizzano salto bloco verniz marrom
Via Marte,Prata,Dafiti,Sandália Feminina Via Marte Salto Anabel...,"Calçados,Calçados Femininos,Sandálias","R$ 199,99","R$ 139,99","R$ 148,93",2x,Sandália Feminina Via Marte Salto Anabel...,sandalia feminina via marte salto anabel,sandalia feminina via marte salto anabel
Coca Cola,Rosa,Dafiti,Tênis Feminino Coca-Cola Plataforma Camurça Rosa,"Calçados,Calçados Femininos,Tênis,Tênis Casual","R$ 299,90","R$ 149,99","R$ 159,56",2x,Tênis Feminino Coca-Cola Plataforma Camurça Rosa,tenis feminino coca cola plataforma camurca rosa,tenis feminino coca cola plataforma camurca rosa
Melissa,Caramelo,Dafiti,Sandália Feminina Melissa Tratorada Five...,"Calçados,Calçados Femininos,Tamanco","R$ 279,90","R$ 263,10","R$ 279,89",4x,Sandália Feminina Melissa Tratorada Five...,sandalia feminina melissa tratorada five,sandalia feminina melissa tratorada five
Modare,Branco,Dafiti,Tênis Feminino Modare Plataforma Branco,"Calçados,Calçados Femininos,Tênis,Tênis Casual","R$ 229,90","R$ 159,99","R$ 170,20",2x,Tênis Feminino Modare Plataforma Branco,tenis feminino modare plataforma branco,tenis feminino modare plataforma branco
Bebecê,Caramelo,Dafiti,Scarpin Feminino Bebecê Salto Bloco Caramelo,"Calçados,Calçados Femininos,Scarpin","R$ 129,99","R$ 94,99","R$ 101,05",1x,Scarpin Feminino Bebecê Salto Bloco Caramelo,scarpin feminino bebece salto bloco caramelo,scarpin feminino bebece salto bloco caramelo
Moleca,Azul Marinho,Dafiti,Alpargata Moleca Perfuros Azul-Marinho,"Calçados,Calçados Femininos,Alpargatas","R$ 69,99","R$ 49,99","R$ 53,18",1x,Alpargata Moleca Perfuros Azul-Marinho,alpargata moleca perfuros azul marinho,alpargata moleca perfuros azul marinho
Santa Lolla,Nude,Dafiti,Rasteira Santa Lolla Bridão Nude,"Calçados,Calçados Femininos,Rasteirinhas","R$ 229,90","R$ 129,99","R$ 138,29",2x,Rasteira Santa Lolla Bridão Nude,rasteira santa lolla bridao nude,rasteira santa lolla bridao nude
Vizzano,Caramelo,Dafiti,Tênis Vizzano Matelassê Caramelo,"Calçados,Calçados Femininos,Tênis,Tênis Casual","R$ 169,90","R$ 79,99","R$ 85,10",1x,Tênis Vizzano Matelassê Caramelo,tenis vizzano matelasse caramelo,tenis vizzano matelasse caramelo
Jorge Bischoff,Nude,Dafiti,Scarpin Jorge Bischoff de Couro Slingback Nude,"Calçados,Calçados Femininos,Scarpin","R$ 499,00","R$ 229,99","R$ 244,67",4x,Scarpin Jorge Bischoff de Couro Slingback Nude,scarpin jorge bischoff de couro slingback nude,scarpin jorge bischoff couro slingback nude
Puma,Amarelo,Dafiti,Tênis Unissex Puma Suede XL Amarelo,"Calçados,Calçados Femininos,Tênis,Tênis Casual,Calçados Masculinos,Tênis,Tênis Casual","R$ 599,99","R$ 349,99","R$ 372,33",6x,Tênis Unissex Puma Suede XL Amarelo,tenis unissex puma suede xl amarelo,tenis unissex puma suede xl amarelo
Moleca,Marrom,Dafiti,Tênis Feminino Moleca Cadarço Marrom e Branco,"Calçados,Calçados Femininos,Tênis,Tênis Casual","R$ 109,90","R$ 54,99","R$ 58,50",1x,Tênis Feminino Moleca Cadarço Marrom e Branco,tenis feminino moleca cadarco marrom e branco,tenis feminino moleca cadarco marrom branco
Luiza Barcelos,Grafite,Dafiti,Sandália Feminina Luiza Barcelos Tiras M...,"Calçados,Calçados Femininos,Sandálias,Sandália Salto Grosso","R$ 429,90","R$ 339,99","R$ 361,69",6x,Sandália Feminina Luiza Barcelos Tiras M...,sandalia feminina luiza barcelos tiras m,sandalia feminina luiza barcelos tiras m
Via Marte,Marrom,Dafiti,Sandália Baixa Feminina Via Marte Bico Q...,"Calçados,Calçados Femininos,Sandálias,Sandália Salto Grosso","R$ 199,99","R$ 129,99","R$ 138,29",2x,Sandália Baixa Feminina Via Marte Bico Q...,sandalia baixa feminina via marte bico q,sandalia baixa feminina via marte bico q
Bebecê,Marrom,Dafiti,Bota Feminina Bebecê Cano Baixo Salto Bl...,"Calçados,Calçados Femininos,Botas,Bota Cano Curto","R$ 299,90","R$ 209,99","R$ 223,39",3x,Bota Feminina Bebecê Cano Baixo Salto Bl...,bota feminina bebece cano baixo salto bl,bota feminina bebece cano baixo salto bl
Santa Lolla,Branco,Dafiti,Tênis Santa Lolla Liso Branco,"Calçados,Calçados Femininos,Tênis,Tênis Casual","R$ 229,90","R$ 129,99","R$ 138,29",2x,Tênis Santa Lolla Liso Branco,tenis santa lolla liso branco,tenis santa lolla liso branco
Modare,Nude,Dafiti,Sapatilha Feminina Modare Detalhe Frontal Nude,"Calçados,Calçados Femininos,Sapatilhas,Sapatilha Bico Redondo","R$ 139,90","R$ 99,99","R$ 106,37",1x,Sapatilha Feminina Modare Detalhe Frontal Nude,sapatilha feminina modare detalhe frontal nude,sapatilha feminina modare detalhe frontal nude
Vizzano,Marrom,Dafiti,Tênis Feminino Vizzano Cadarço Marrom,"Calçados,Calçados Femininos,Tênis,Tênis Casual","R$ 219,90","R$ 149,99","R$ 159,56",2x,Tênis Feminino Vizzano Cadarço Marrom,tenis feminino vizzano cadarco marrom,tenis feminino vizzano cadarco marrom
Fila,Azul,Dafiti,Tênis Feminino Fila Speed Lite Azul,"Calçados,Calçados Femininos,Tênis,Tênis Casual","R$ 379,99","R$ 269,99","R$ 287,22",4x,Tênis Feminino Fila Speed Lite Azul,tenis feminino fila speed lite azul,tenis feminino fila speed lite azul
Beira Rio,Marrom,Dafiti,Scarpin Feminino Beira Rio Slingback Sal...,"Calçados,Calçados Femininos,Scarpin","R$ 169,99","R$ 104,99","R$ 111,69",1x,Scarpin Feminino Beira Rio Slingback Sal...,scarpin feminino beira rio slingback sal,scarpin feminino beira rio slingback sal
VIA UNO,Marrom,Dafiti,Rasteira Feminina VIA UNO Trançada Marrom,"Calçados,Calçados Femininos,Rasteirinhas","R$ 139,90","R$ 64,99","R$ 69,14",1x,Rasteira Feminina VIA UNO Trançada Marrom,rasteira feminina via uno trancada marrom,rasteira feminina via uno trancada marrom
Beira Rio,Preto,Dafiti,Tênis Feminino Beira Rio Bico Redondo Preto,"Calçados,Calçados Femininos,Tênis,Tênis Casual","R$ 89,99","R$ 39,99","R$ 42,54",1x,Tênis Feminino Beira Rio Bico Redondo Preto,tenis feminino beira rio bico redondo preto,tenis feminino beira rio bico redondo preto
Santa Lolla,Azul,Dafiti,Tênis Santa Lolla Com Cadarço Azul,"Calçados,Calçados Femininos,Tênis,Tênis Casual","R$ 259,99","R$ 124,99","R$ 132,97",2x,Tênis Santa Lolla Com Cadarço Azul,tenis santa lolla com cadarco azul,tenis santa lolla cadarco azul
Vizzano,Preto,Dafiti,Sandália Feminina Vizzano Plataforma Det...,"Calçados,Calçados Femininos,Sandálias","R$ 129,90","R$ 79,99","R$ 85,10",1x,Sandália Feminina Vizzano Plataforma Det...,sandalia feminina vizzano plataforma det,sandalia feminina vizzano plataforma det
Anacapri,Preto,Dafiti,Rasteira Feminina Anacapri Tiras Finas Preta,"Calçados,Calçados Femininos,Rasteirinhas","R$ 159,90","R$ 109,99","R$ 117,01",1x,Rasteira Feminina Anacapri Tiras Finas Preta,rasteira feminina anacapri tiras finas preta,rasteira feminina anacapri tiras finas preta
Melissa,Marrom,Dafiti,Rasteira Melissa Tiras Cruzadas Marrom,"Calçados,Calçados Femininos,Rasteirinhas","R$ 119,90","R$ 112,70","R$ 119,89",2x,Rasteira Melissa Tiras Cruzadas Marrom,rasteira melissa tiras cruzadas marrom,rasteira melissa tiras cruzadas marrom
Luiza Barcelos,Marrom,Dafiti,Bota Feminina Luiza Barcelos Salto Bloco Marrom,"Calçados,Calçados Femininos,Botas,Bota Cano Médio","R$ 999,90","R$ 939,90","R$ 999,89",10x,Bota Feminina Luiza Barcelos Salto Bloco Marrom,bota feminina luiza barcelos salto bloco marrom,bota feminina luiza barcelos salto bloco marrom
VIA UNO,Rosa,Dafiti,Tênis Feminino Via Uno Ponta Arredondada Rosa,"Calçados,Calçados Femininos,Tênis,Tênis Casual","R$ 149,99","R$ 99,99","R$ 106,37",1x,Tênis Feminino Via Uno Ponta Arredondada Rosa,tenis feminino via uno ponta arredondada rosa,tenis feminino via uno ponta arredondada rosa
Moleca,Off-white,Dafiti,Tênis Feminino Moleca Cano Baixo Off White,"Calçados,Calçados Femininos,Tênis,Tênis Casual","R$ 149,90","R$ 104,99","R$ 111,69",1x,Tênis Feminino Moleca Cano Baixo Off White,tenis feminino moleca cano baixo off white,tenis feminino moleca cano baixo off white
Santa Lolla,Off-white,Dafiti,Tênis Feminino Santa Lolla Cadarço Off-White,"Calçados,Calçados Femininos,Tênis,Tênis Casual","R$ 169,90","R$ 99,99","R$ 106,37",1x,Tênis Feminino Santa Lolla Cadarço Off-White,tenis feminino santa lolla cadarco off white,tenis feminino santa lolla cadarco off white
Arezzo,Off-white,Dafiti,Tênis Arezzo Sola Caixa Detalhe Traseiro...,"Calçados,Calçados Femininos,Tênis,Tênis Casual","R$ 299,99","R$ 281,99","R$ 299,99",5x,Tênis Arezzo Sola Caixa Detalhe Traseiro...,tenis arezzo sola caixa detalhe traseiro,tenis arezzo sola caixa detalhe traseiro
Beira Rio,Marrom,Dafiti,Tênis Feminino Beira Rio Cadarço Marrom,"Calçados,Calçados Femininos,Tênis,Tênis Casual","R$ 139,99","R$ 99,99","R$ 106,37",1x,Tênis Feminino Beira Rio Cadarço Marrom,tenis feminino beira rio cadarco marrom,tenis feminino beira rio cadarco marrom
Jorge Bischoff,Nude,Dafiti,Sandália Jorge Bischoff Lisa Nude,"Calçados,Calçados Femininos,Sandálias,Sandália Salto Grosso","R$ 529,00","R$ 229,99","R$ 244,67",4x,Sandália Jorge Bischoff Lisa Nude,sandalia jorge bischoff lisa nude,sandalia jorge bischoff lisa nude
Vizzano,Preto,Dafiti,Sandália Feminina Vizzano Salto Bloco Preta,"Calçados,Calçados Femininos,Sandálias,Sandália Salto Grosso","R$ 139,99","R$ 109,99","R$ 117,01",1x,Sandália Feminina Vizzano Salto Bloco Preta,sandalia feminina vizzano salto bloco preta,sandalia feminina vizzano salto bloco preta
Luiza Barcelos,Verde,Dafiti,Scarpin Feminino Luiza Barcelos Salto An...,"Calçados,Calçados Femininos,Scarpin","R$ 599,90","R$ 369,99","R$ 393,61",6x,Scarpin Feminino Luiza Barcelos Salto An...,scarpin feminino luiza barcelos salto an,scarpin feminino luiza barcelos salto an
Kolosh,Rosa,Dafiti,Tênis Feminino Kolosh Casual Rosa,"Calçados,Calçados Femininos,Tênis,Tênis Casual","R$ 189,99","R$ 129,99","R$ 138,29",2x,Tênis Feminino Kolosh Casual Rosa,tenis feminino kolosh casual rosa,tenis feminino kolosh casual rosa
Bebecê,Vinho,Dafiti,Scarpin Feminino Bebecê Salto Quadrado Vinho,"Calçados,Calçados Femininos,Scarpin","R$ 129,99","R$ 99,99","R$ 106,37",1x,Scarpin Feminino Bebecê Salto Quadrado Vinho,scarpin feminino bebece salto quadrado vinho,scarpin feminino bebece salto quadrado vinho
Arezzo,Prata,Dafiti,Sandália Feminina Arezzo Tiras Metalizadas Prata,"Calçados,Calçados Femininos,Sandálias,Sandália Salto Grosso","R$ 259,90","R$ 244,30","R$ 259,89",4x,Sandália Feminina Arezzo Tiras Metalizadas Prata,sandalia feminina arezzo tiras metalizadas prata,sandalia feminina arezzo tiras metalizadas prata
VIA UNO,Café,Dafiti,Rasteira Feminina Via Uno Trançada Café,"Calçados,Calçados Femininos,Rasteirinhas","R$ 139,90","R$ 64,99","R$ 69,14",1x,Rasteira Feminina Via Uno Trançada Café,rasteira feminina via uno trancada cafe,rasteira feminina via uno trancada cafe
Anacapri,Bege,Dafiti,Scarpin Feminino Anacapri Texturizado Bege,"Calçados,Calçados Femininos,Scarpin","R$ 279,90","R$ 159,99","R$ 170,20",2x,Scarpin Feminino Anacapri Texturizado Bege,scarpin feminino anacapri texturizado bege,scarpin feminino anacapri texturizado bege
Arezzo,Preto,Dafiti,Tênis Arezzo Urbano Texturizado Preta,"Calçados,Calçados Femininos,Tênis,Tênis Casual","R$ 299,99","R$ 281,99","R$ 299,99",5x,Tênis Arezzo Urbano Texturizado Preta,tenis arezzo urbano texturizado preta,tenis arezzo urbano texturizado preta
Jorge Bischoff,Marrom,Dafiti,Tênis Feminino Jorge Bischoff Cadarço Marrom,"Calçados,Calçados Femininos,Tênis,Tênis Casual","R$ 599,00","R$ 249,99","R$ 265,95",4x,Tênis Feminino Jorge Bischoff Cadarço Marrom,tenis feminino jorge bischoff cadarco marrom,tenis feminino jorge bischoff cadarco marrom
Jorge Bischoff,Preto,Dafiti,Tênis Jorge Bischoff Recortes Preto,"Calçados,Calçados Femininos,Tênis,Tênis Casual","R$ 649,00","R$ 299,99","R$ 319,14",5x,Tênis Jorge Bischoff Recortes Preto,tenis jorge bischoff recortes preto,tenis jorge bischoff recortes preto
VIA UNO,Off-white,Dafiti,Tênis Feminino Via Uno Detalhe Perfurado...,"Calçados,Calçados Femininos,Tênis,Tênis Casual","R$ 179,99","R$ 109,99","R$ 117,01",1x,Tênis Feminino Via Uno Detalhe Perfurado...,tenis feminino via uno detalhe perfurado,tenis feminino via uno detalhe perfurado
Osklen,Preto,Dafiti,Tênis Feminino Osklen Cano Médio Preto,"Calçados,Calçados Femininos,Tênis,Tênis Casual","R$ 597,00","R$ 299,99","R$ 319,14",5x,Tênis Feminino Osklen Cano Médio Preto,tenis feminino osklen cano medio preto,tenis feminino osklen cano medio preto
Jorge Bischoff,Marrom,Dafiti,Tênis Feminino Jorge Bischoff Slip On Ca...,"Calçados,Calçados Femininos,Tênis,Tênis Casual","R$ 499,00","R$ 249,99","R$ 265,95",4x,Tênis Feminino Jorge Bischoff Slip On Ca...,tenis feminino jorge bischoff slip on ca,tenis feminino jorge bischoff slip on ca
Vans,Vermelho,Dafiti,Tênis Vans Authentic Vermelho,"Calçados,Calçados Femininos,Tênis,Tênis Casual,Calçados Masculinos,Tênis,Tênis Casual","R$ 299,99","R$ 281,99","R$ 299,99",5x,Tênis Vans Authentic Vermelho,tenis vans authentic vermelho,tenis vans authentic vermelho
Moleca,Rosa,Dafiti,Tênis Feminino Moleca Cadarço Rosa e Branco,"Calçados,Calçados Femininos,Tênis,Tênis Casual","R$ 139,90","R$ 89,99","R$ 95,73",1x,Tênis Feminino Moleca Cadarço Rosa e Branco,tenis feminino moleca cadarco rosa e branco,tenis feminino moleca cadarco rosa branco
Santa Lolla,Marrom,Dafiti,Tênis Feminino Santa Lolla Cano Baixo Marrom,"Calçados,Calçados Femininos,Tênis,Tênis Casual","R$ 199,90","R$ 154,99","R$ 164,88",2x,Tênis Feminino Santa Lolla Cano Baixo Marrom,tenis feminino santa lolla cano baixo marrom,tenis feminino santa lolla cano baixo marrom
VIA UNO,Marrom,Dafiti,Rasteira Feminina Via Uno Tiras Fechada Marrom,"Calçados,Calçados Femininos,Rasteirinhas","R$ 119,99","R$ 59,99","R$ 63,82",1x,Rasteira Feminina Via Uno Tiras Fechada Marrom,rasteira feminina via uno tiras fechada marrom,rasteira feminina via uno tiras fechada marrom
Lança Perfume,Dourado,Dafiti,Rasteira Fechada Feminina Lança Perfume ...,"Calçados,Calçados Femininos,Rasteirinhas","R$ 693,00","R$ 389,99","R$ 414,88",6x,Rasteira Fechada Feminina Lança Perfume ...,rasteira fechada feminina lanca perfume,rasteira fechada feminina lanca perfume
Luiza Barcelos,Grafite,Dafiti,Sandália Feminina Luiza Barcelos Salto B...,"Calçados,Calçados Femininos,Sandálias,Sandália Salto Grosso","R$ 759,90","R$ 389,99","R$ 414,88",6x,Sandália Feminina Luiza Barcelos Salto B...,sandalia feminina luiza barcelos salto b,sandalia feminina luiza barcelos salto b
Colcci,Rosa,Dafiti,Tênis Feminino Colcci Slip On Rosa,"Calçados,Calçados Femininos,Tênis,Tênis Casual","R$ 269,90","R$ 109,99","R$ 117,01",1x,Tênis Feminino Colcci Slip On Rosa,tenis feminino colcci slip on rosa,tenis feminino colcci slip on rosa
Asics,Preto,Dafiti,Tênis Asics Japan S Preto,"Calçados,Calçados Femininos,Tênis,Tênis Casual","R$ 499,99","R$ 249,99","R$ 265,95",4x,Tênis Asics Japan S Preto,tenis asics japan s preto,tenis asics japan s preto
Anacapri,Cinza,Dafiti,Tênis Feminino Anacapri Cadarço Cinza,"Calçados,Calçados Femininos,Tênis,Tênis Casual","R$ 279,90","R$ 249,99","R$ 265,95",4x,Tênis Feminino Anacapri Cadarço Cinza,tenis feminino anacapri cadarco cinza,tenis feminino anacapri cadarco cinza
VIA UNO,Marrom,Dafiti,Tênis VIA UNO Ponta Arredondada Marrom,"Calçados,Calçados Femininos,Tênis,Tênis Casual","R$ 129,99","R$ 69,99","R$ 74,46",1x,Tênis VIA UNO Ponta Arredondada Marrom,tenis via uno ponta arredondada marrom,tenis via uno ponta arredondada marrom
Moleca,Marrom,Dafiti,Tênis Feminino Moleca Casual Cano Baixo Marrom,"Calçados,Calçados Femininos,Tênis,Tênis Casual","R$ 169,90","R$ 119,99","R$ 127,65",2x,Tênis Feminino Moleca Casual Cano Baixo Marrom,tenis feminino moleca casual cano baixo marrom,tenis feminino moleca casual cano baixo marrom
Usaflex,Preto,Dafiti,Tênis Feminino Usaflex Slip-On Pretp,"Calçados,Calçados Femininos,Tênis,Tênis Casual","R$ 319,99","R$ 129,99","R$ 138,29",2x,Tênis Feminino Usaflex Slip-On Pretp,tenis feminino usaflex slip on pretp,tenis feminino usaflex slip on pretp
VIA UNO,Prata,Dafiti,Sandália Feminina VIA UNO Salto Flare Prata,"Calçados,Calçados Femininos,Tamanco","R$ 149,99","R$ 99,99","R$ 106,37",1x,Sandália Feminina VIA UNO Salto Flare Prata,sandalia feminina via uno salto flare prata,sandalia feminina via uno salto flare prata
Ramarim,Bege,Dafiti,Tênis Ramarim Recorte Suede Bege,"Calçados,Calçados Femininos,Tênis,Tênis Casual","R$ 259,90","R$ 169,99","R$ 180,84",3x,Tênis Ramarim Recorte Suede Bege,tenis ramarim recorte suede bege,tenis ramarim recorte suede bege
Jorge Bischoff,Bege,Dafiti,Tênis Feminino Jorge Bischoff Cadarço Bege,"Calçados,Calçados Femininos,Tênis,Tênis Casual","R$ 569,00","R$ 239,99","R$ 255,31",4x,Tênis Feminino Jorge Bischoff Cadarço Bege,tenis feminino jorge bischoff cadarco bege,tenis feminino jorge bischoff cadarco bege
Osklen,Branco,Dafiti,Tênis Osklen Made In Brazil Branco,"Calçados,Calçados Femininos,Tênis,Tênis Casual","R$ 447,00","R$ 209,99","R$ 223,39",3x,Tênis Osklen Made In Brazil Branco,tenis osklen made in brazil branco,tenis osklen made in brazil branco
Vizzano,Marrom,Dafiti,Scarpin Feminino Vizzano Salto Agulha Marrom,"Calçados,Calçados Femininos,Scarpin","R$ 179,90","R$ 119,99","R$ 127,65",2x,Scarpin Feminino Vizzano Salto Agulha Marrom,scarpin feminino vizzano salto agulha marrom,scarpin feminino vizzano salto agulha marrom
Arezzo,Marrom,Dafiti,Rasteira Feminina Arezzo Aplique Pedrarias Marrom,"Calçados,Calçados Femininos,Rasteirinhas","R$ 559,90","R$ 279,90","R$ 297,77",4x,Rasteira Feminina Arezzo Aplique Pedrarias Marrom,rasteira feminina arezzo aplique pedrarias marrom,rasteira feminina arezzo aplique pedrarias marrom
Colcci,Caramelo,Dafiti,Rasteira Feminina Colcci Logo Caramelo,"Calçados,Calçados Femininos,Rasteirinhas","R$ 279,99","R$ 169,99","R$ 180,84",3x,Rasteira Feminina Colcci Logo Caramelo,rasteira feminina colcci logo caramelo,rasteira feminina colcci logo caramelo
Vizzano,Branco,Dafiti,Tênis Feminino Vizzano Detalhe Dourado Branco,"Calçados,Calçados Femininos,Tênis,Tênis Casual","R$ 179,90","R$ 119,99","R$ 127,65",2x,Tênis Feminino Vizzano Detalhe Dourado Branco,tenis feminino vizzano detalhe dourado branco,tenis feminino vizzano detalhe dourado branco
Capodarte,Preto,Dafiti,Rasteira Feminina Capodarte Monograma Preta,"Calçados,Calçados Femininos,Papete","R$ 560,00","R$ 239,99","R$ 255,31",4x,Rasteira Feminina Capodarte Monograma Preta,rasteira feminina capodarte monograma preta,rasteira feminina capodarte monograma preta
Dakota,Caramelo,Dafiti,Sandália Feminina Dakota Plataforma Anab...,"Calçados,Calçados Femininos,Tamanco","R$ 219,99","R$ 129,99","R$ 138,29",2x,Sandália Feminina Dakota Plataforma Anab...,sandalia feminina dakota plataforma anab,sandalia feminina dakota plataforma anab
Arezzo,Preto,Dafiti,Bota Feminina Arezzo Cano Alto Couro Preta,"Calçados,Calçados Femininos,Botas,Bota Montaria e Cano Longo","R$ 799,90","R$ 751,90","R$ 799,89",10x,Bota Feminina Arezzo Cano Alto Couro Preta,bota feminina arezzo cano alto couro preta,bota feminina arezzo cano alto couro preta
Vizzano,Preto,Dafiti,Sandália Feminina Vizzano Salto Fino Preta,"Calçados,Calçados Femininos,Sandálias,Sandália Salto Fino","R$ 159,99","R$ 119,99","R$ 127,65",2x,Sandália Feminina Vizzano Salto Fino Preta,sandalia feminina vizzano salto fino preta,sandalia feminina vizzano salto fino preta
Mooncity,Preto,Dafiti,Bota Feminina Mooncity Cano Alto Preta,"Calçados,Calçados Femininos,Botas,Bota Montaria e Cano Longo","R$ 219,99","R$ 169,99","R$ 180,84",3x,Bota Feminina Mooncity Cano Alto Preta,bota feminina mooncity cano alto preta,bota feminina mooncity cano alto preta
Jorge Bischoff,Dourado,Dafiti,Sandália Feminina Jorge Bischoff Tiras M...,"Calçados,Calçados Femininos,Sandálias,Sandália Salto Grosso","R$ 549,00","R$ 249,99","R$ 265,95",4x,Sandália Feminina Jorge Bischoff Tiras M...,sandalia feminina jorge bischoff tiras m,sandalia feminina jorge bischoff tiras m
Via Mia,Laranja,Dafiti,Mocassim Via Mia Suede Laranja,"Calçados,Calçados Femininos,Mocassim","R$ 129,99","R$ 79,99","R$ 85,10",1x,Mocassim Via Mia Suede Laranja,mocassim via mia suede laranja,mocassim via mia suede laranja
Jorge Bischoff,Off-white,Dafiti,Tênis Jorge Bischoff Recorte Lezard Off-White,"Calçados,Calçados Femininos,Tênis,Tênis Casual","R$ 649,00","R$ 329,99","R$ 351,05",5x,Tênis Jorge Bischoff Recorte Lezard Off-White,tenis jorge bischoff recorte lezard off white,tenis jorge bischoff recorte lezard off white
Vizzano,Marrom,Dafiti,Sandália Vizzano Lisa Marrom,"Calçados,Calçados Femininos,Sandálias,Sandália Salto Grosso","R$ 169,90","R$ 119,99","R$ 127,65",2x,Sandália Vizzano Lisa Marrom,sandalia vizzano lisa marrom,sandalia vizzano lisa marrom
Santa Lolla,Azul,Dafiti,Tênis Feminino Santa Lolla Logo SL Azul Claro,"Calçados,Calçados Femininos,Tênis,Tênis Casual","R$ 299,90","R$ 179,99","R$ 191,48",3x,Tênis Feminino Santa Lolla Logo SL Azul Claro,tenis feminino santa lolla logo sl azul claro,tenis feminino santa lolla logo sl azul claro
VIA UNO,Dourado,Dafiti,Rasteira Feminina VIA UNO Adorno Dourada,"Calçados,Calçados Femininos,Rasteirinhas","R$ 99,99","R$ 74,99","R$ 79,78",1x,Rasteira Feminina VIA UNO Adorno Dourada,rasteira feminina via uno adorno dourada,rasteira feminina via uno adorno dourada
Via Marte,Off-white,Dafiti,Rasteira Feminina Via Marte Tiras Finas Off-White,"Calçados,Calçados Femininos,Rasteirinhas","R$ 159,99","R$ 89,99","R$ 95,73",1x,Rasteira Feminina Via Marte Tiras Finas Off-White,rasteira feminina via marte tiras finas off white,rasteira feminina via marte tiras finas off white
Beira Rio,Marrom,Dafiti,Sapatilha Feminina Beira Rio Mule Marrom,"Calçados,Calçados Femininos,Sapatilhas,Sapatilha Bico Redondo","R$ 109,90","R$ 54,99","R$ 58,50",1x,Sapatilha Feminina Beira Rio Mule Marrom,sapatilha feminina beira rio mule marrom,sapatilha feminina beira rio mule marrom
Vans,Vinho,Dafiti,Tênis Feminino Vans Old Skool Detalhe Co...,"Calçados,Calçados Femininos,Tênis,Tênis Casual","R$ 449,99","R$ 422,99","R$ 449,99",7x,Tênis Feminino Vans Old Skool Detalhe Co...,tenis feminino vans old skool detalhe co,tenis feminino vans old skool detalhe co
DAFITI SHOES,Dourado,Dafiti,Rasteira Papete de Couro Coentruda Doura...,"Calçados,Calçados Femininos,Papete","R$ 419,99","R$ 259,99","R$ 276,59",4x,Rasteira Papete de Couro Coentruda Doura...,rasteira papete de couro coentruda doura,rasteira papete couro coentruda doura
adidas Originals,Branco,Dafiti,Tênis adidas Originals Mega Ghostride Branco,"Calçados,Calçados Femininos,Tênis,Tênis Casual","R$ 1.499,99","R$ 1.409,98","R$ 1.499,98",10x,Tênis adidas Originals Mega Ghostride Branco,tenis adidas originals mega ghostride branco,tenis adidas originals mega ghostride branco
Arezzo,Caramelo,Dafiti,Tênis Feminino Arezzo Cadarço Caramelo,"Calçados,Calçados Femininos,Tênis,Tênis Casual","R$ 399,90","R$ 375,90","R$ 399,89",6x,Tênis Feminino Arezzo Cadarço Caramelo,tenis feminino arezzo cadarco caramelo,tenis feminino arezzo cadarco caramelo
Vizzano,Preto,Dafiti,Scarpin Feminino Vizzano Salto Fino Text...,"Calçados,Calçados Femininos,Scarpin","R$ 169,90","R$ 119,99","R$ 127,65",2x,Scarpin Feminino Vizzano Salto Fino Text...,scarpin feminino vizzano salto fino text,scarpin feminino vizzano salto fino text
Ramarim,Marrom,Dafiti,Bota Feminina Ramarim Cano Baixo Marrom,"Calçados,Calçados Femininos,Botas,Bota Cano Curto","R$ 299,99","R$ 199,99","R$ 212,76",3x,Bota Feminina Ramarim Cano Baixo Marrom,bota feminina ramarim cano baixo marrom,bota feminina ramarim cano baixo marrom
Lança Perfume,Preto,Dafiti,Tênis Feminino Lança Perfume Solado Cont...,"Calçados,Calçados Femininos,Tênis,Tênis Casual","R$ 663,00","R$ 419,99","R$ 446,80",7x,Tênis Feminino Lança Perfume Solado Cont...,tenis feminino lanca perfume solado cont,tenis feminino lanca perfume solado cont
VIA UNO,Branco,Dafiti,Rasteira Feminina Via Uno Tiras Metalizadas Branca,"Calçados,Calçados Femininos,Rasteirinhas","R$ 89,99","R$ 44,99","R$ 47,86",1x,Rasteira Feminina Via Uno Tiras Metalizadas Branca,rasteira feminina via uno tiras metalizadas branca,rasteira feminina via uno tiras metalizadas branca
Anacapri,Marrom,Dafiti,Sandália Feminina Anacapri Tiras Entrela...,"Calçados,Calçados Femininos,Sandálias","R$ 259,90","R$ 199,99","R$ 212,76",3x,Sandália Feminina Anacapri Tiras Entrela...,sandalia feminina anacapri tiras entrela,sandalia feminina anacapri tiras entrela
Moleca,Marrom,Dafiti,Sandália Feminina Moleca Anabela Marrom,"Calçados,Calçados Femininos,Sandálias,Sandália Anabela","R$ 129,90","R$ 89,99","R$ 95,73",1x,Sandália Feminina Moleca Anabela Marrom,sandalia feminina moleca anabela marrom,sandalia feminina moleca anabela marrom
Beira Rio,Preto,Dafiti,Rasteira Feminina Beira Rio Tira Larga D...,"Calçados,Calçados Femininos,Rasteirinhas","R$ 89,90","R$ 39,99","R$ 42,54",1x,Rasteira Feminina Beira Rio Tira Larga D...,rasteira feminina beira rio tira larga d,rasteira feminina beira rio tira larga d
Lança Perfume,Marrom,Dafiti,Bota Feminina Lança Perfume Cano Baixo Marrom,"Calçados,Calçados Femininos,Botas,Bota Cano Curto","R$ 793,00","R$ 549,99","R$ 585,10",9x,Bota Feminina Lança Perfume Cano Baixo Marrom,bota feminina lanca perfume cano baixo marrom,bota feminina lanca perfume cano baixo marrom
Arezzo,Marrom,Dafiti,Rasteira Feminina Arezzo Tiras Cruzadas Marrom,"Calçados,Calçados Femininos,Rasteirinhas","R$ 339,90","R$ 319,50","R$ 339,89",5x,Rasteira Feminina Arezzo Tiras Cruzadas Marrom,rasteira feminina arezzo tiras cruzadas marrom,rasteira feminina arezzo tiras cruzadas marrom
Beira Rio,Preto,Dafiti,Sandália Feminina Beira Rio Salto Baixo Preta,"Calçados,Calçados Femininos,Sandálias","R$ 139,90","R$ 59,99","R$ 63,82",1x,Sandália Feminina Beira Rio Salto Baixo Preta,sandalia feminina beira rio salto baixo preta,sandalia feminina beira rio salto baixo preta
Lança Perfume,Preto,Dafiti,Scarpin Slingback Feminino Lança Perfume...,"Calçados,Calçados Femininos,Scarpin","R$ 497,00","R$ 434,99","R$ 462,76",7x,Scarpin Slingback Feminino Lança Perfume...,scarpin slingback feminino lanca perfume,scarpin slingback feminino lanca perfume
Melissa,Preto,Dafiti,Bota Feminina Melissa Cano Médio Salto B...,"Calçados,Calçados Femininos,Botas,Bota Cano Curto","R$ 419,90","R$ 394,70","R$ 419,89",7x,Bota Feminina Melissa Cano Médio Salto B...,bota feminina melissa cano medio salto b,bota feminina melissa cano medio salto b
Modare,Preto,Dafiti,Sandália Feminina Modare Salto Anabela Preta,"Calçados,Calçados Femininos,Tamanco","R$ 169,99","R$ 99,99","R$ 106,37",1x,Sandália Feminina Modare Salto Anabela Preta,sandalia feminina modare salto anabela preta,sandalia feminina modare salto anabela preta
Jorge Bischoff,Rosa,Dafiti,Sapatilha Jorge Bischoff Lisa Rosa,"Calçados,Calçados Femininos,Sapatilhas,Sapatilha Bico Redondo","R$ 549,00","R$ 169,99","R$ 180,84",3x,Sapatilha Jorge Bischoff Lisa Rosa,sapatilha jorge bischoff lisa rosa,sapatilha jorge bischoff lisa rosa
Moleca,Preto,Dafiti,Rasteira Feminina Moleca Tiras Cruzadas Preta,"Calçados,Calçados Femininos,Rasteirinhas","R$ 89,90","R$ 44,99","R$ 47,86",1x,Rasteira Feminina Moleca Tiras Cruzadas Preta,rasteira feminina moleca tiras cruzadas preta,rasteira feminina moleca tiras cruzadas preta
Anacapri,Azul Marinho,Dafiti,Tênis Anacapri Recorte Lateral Azul-Marinho,"Calçados,Calçados Femininos,Tênis,Tênis Casual","R$ 189,99","R$ 89,99","R$ 95,73",1x,Tênis Anacapri Recorte Lateral Azul-Marinho,tenis anacapri recorte lateral azul marinho,tenis anacapri recorte lateral azul marinho
Arezzo,Marrom,Dafiti,Rasteira Feminina Arezzo Tira Larga Fivela Marrom,"Calçados,Calçados Femininos,Rasteirinhas","R$ 299,90","R$ 239,99","R$ 255,31",4x,Rasteira Feminina Arezzo Tira Larga Fivela Marrom,rasteira feminina arezzo tira larga fivela marrom,rasteira feminina arezzo tira larga fivela marrom
adidas Originals,Marrom,Dafiti,Tênis Feminino Adidas Originals Samba Og W Marrom,"Calçados,Calçados Femininos,Tênis,Tênis Casual","R$ 899,99","R$ 845,98","R$ 899,98",10x,Tênis Feminino Adidas Originals Samba Og W Marrom,tenis feminino adidas originals samba og w marrom,tenis feminino adidas originals samba og w marrom
Dakota,Rosa,Dafiti,Tênis Feminino Dakota Suede Rosa,"Calçados,Calçados Femininos,Tênis,Tênis Casual","R$ 249,99","R$ 129,99","R$ 138,29",2x,Tênis Feminino Dakota Suede Rosa,tenis feminino dakota suede rosa,tenis feminino dakota suede rosa
Dakota,Rosa,Dafiti,Sandália Feminina Dakota Trançada Rosa,"Calçados,Calçados Femininos,Sandálias","R$ 200,00","R$ 99,99","R$ 106,37",1x,Sandália Feminina Dakota Trançada Rosa,sandalia feminina dakota trancada rosa,sandalia feminina dakota trancada rosa
Fila,Vermelho,Dafiti,Tênis Feminino Fila Striker Vermelho,"Calçados,Calçados Femininos,Tênis,Tênis Casual","R$ 399,99","R$ 269,99","R$ 287,22",4x,Tênis Feminino Fila Striker Vermelho,tenis feminino fila striker vermelho,tenis feminino fila striker vermelho
New Balance,Rosa,Dafiti,Tênis Feminino New Balance Infinion 1080 V15 Rosa,"Calçados,Calçados Femininos,Tênis,Tênis Casual","R$ 1.299,99","R$ 1.221,98","R$ 1.299,98",10x,Tênis Feminino New Balance Infinion 1080 V15 Rosa,tenis feminino new balance infinion 1080 v15 rosa,tenis feminino new balance infinion 1080 v15 rosa
Santa Lolla,Marrom,Dafiti,Sandália Feminina Santa Lolla Salto Médio Marrom,"Calçados,Calçados Femininos,Sandálias,Sandália Salto Fino","R$ 199,90","R$ 139,99","R$ 148,93",2x,Sandália Feminina Santa Lolla Salto Médio Marrom,sandalia feminina santa lolla salto medio marrom,sandalia feminina santa lolla salto medio marrom
Modare,Nude,Dafiti,Scarpin Feminino Modare Bico Fino Nude,"Calçados,Calçados Femininos,Scarpin","R$ 139,99","R$ 104,99","R$ 111,69",1x,Scarpin Feminino Modare Bico Fino Nude,scarpin feminino modare bico fino nude,scarpin feminino modare bico fino nude
Lança Perfume,Marrom,Dafiti,Sandália Feminina Lança Perfume Tachas S...,"Calçados,Calçados Femininos,Sandálias","R$ 483,00","R$ 229,99","R$ 244,67",4x,Sandália Feminina Lança Perfume Tachas S...,sandalia feminina lanca perfume tachas s,sandalia feminina lanca perfume tachas s
Jorge Bischoff,Bege,Dafiti,Tênis Feminino Jorge Bischoff Design Moderno Bege,"Calçados,Calçados Femininos,Tênis,Tênis Casual","R$ 599,00","R$ 289,99","R$ 308,50",5x,Tênis Feminino Jorge Bischoff Design Moderno Bege,tenis feminino jorge bischoff design moderno bege,tenis feminino jorge bischoff design moderno bege
Dakota,Branco,Dafiti,Rasteira Feminina Dakota Detalhe Floral Branca,"Calçados,Calçados Femininos,Rasteirinhas","R$ 159,99","R$ 109,99","R$ 117,01",1x,Rasteira Feminina Dakota Detalhe Floral Branca,rasteira feminina dakota detalhe floral branca,rasteira feminina dakota detalhe floral branca
Jorge Bischoff,Prata,Dafiti,Tênis Jorge Bischoff Metalizado Prata,"Calçados,Calçados Femininos,Tênis,Tênis Casual","R$ 649,00","R$ 329,99","R$ 351,05",5x,Tênis Jorge Bischoff Metalizado Prata,tenis jorge bischoff metalizado prata,tenis jorge bischoff metalizado prata
Anacapri,Marrom,Dafiti,Rasteira Feminina Anacapri Tiras Couro Marrom,"Calçados,Calçados Femininos,Rasteirinhas","R$ 199,90","R$ 149,99","R$ 159,56",2x,Rasteira Feminina Anacapri Tiras Couro Marrom,rasteira feminina anacapri tiras couro marrom,rasteira feminina anacapri tiras couro marrom
Bottero,Branco,Dafiti,Sandália Feminina Bottero Salto Anabela ...,"Calçados,Calçados Femininos,Sandálias,Sandália Anabela","R$ 289,99","R$ 219,99","R$ 234,03",3x,Sandália Feminina Bottero Salto Anabela ...,sandalia feminina bottero salto anabela,sandalia feminina bottero salto anabela
Jorge Bischoff,Marrom,Dafiti,Tênis Masculino Jorge Bischoff Cano Baixo Marrom,"Calçados,Calçados Femininos,Tênis,Tênis Casual","R$ 699,00","R$ 359,99","R$ 382,97",6x,Tênis Masculino Jorge Bischoff Cano Baixo Marrom,tenis masculino jorge bischoff cano baixo marrom,tenis masculino jorge bischoff cano baixo marrom
Usaflex,Marrom,Dafiti,Rasteira Feminina Usaflex Detalhe Metálico Marrom,"Calçados,Calçados Femininos,Rasteirinhas","R$ 199,99","R$ 109,99","R$ 117,01",1x,Rasteira Feminina Usaflex Detalhe Metálico Marrom,rasteira feminina usaflex detalhe metalico marrom,rasteira feminina usaflex detalhe metalico marrom
Modare,Marrom,Dafiti,Mocassim Feminino Modare Texturizado Marrom,"Calçados,Calçados Femininos,Mocassim","R$ 139,90","R$ 89,99","R$ 95,73",1x,Mocassim Feminino Modare Texturizado Marrom,mocassim feminino modare texturizado marrom,mocassim feminino modare texturizado marrom
Modare,Marrom,Dafiti,Bota Feminina Modare Cano Baixo Salto Bl...,"Calçados,Calçados Femininos,Botas,Bota Cano Curto","R$ 249,90","R$ 169,99","R$ 180,84",3x,Bota Feminina Modare Cano Baixo Salto Bl...,bota feminina modare cano baixo salto bl,bota feminina modare cano baixo salto bl
Colcci,Verde,Dafiti,Tênis Feminino Colcci Knit Verde,"Calçados,Calçados Femininos,Tênis,Tênis Casual","R$ 239,99","R$ 174,99","R$ 186,16",3x,Tênis Feminino Colcci Knit Verde,tenis feminino colcci knit verde,tenis feminino colcci knit verde
Santa Lolla,Bege,Dafiti,Tênis Santa Lolla Recorte Bege,"Calçados,Calçados Femininos,Tênis,Tênis Casual","R$ 229,90","R$ 129,99","R$ 138,29",2x,Tênis Santa Lolla Recorte Bege,tenis santa lolla recorte bege,tenis santa lolla recorte bege
Vizzano,Branco,Dafiti,Tênis Feminino Vizzano Sola 3cm Branco,"Calçados,Calçados Femininos,Tênis,Tênis Casual","R$ 199,90","R$ 139,99","R$ 148,93",2x,Tênis Feminino Vizzano Sola 3cm Branco,tenis feminino vizzano sola 3cm branco,tenis feminino vizzano sola 3cm branco
Anacapri,Branco,Dafiti,Tênis Anacapri Recortes Branco,"Calçados,Calçados Femininos,Tênis,Tênis Casual","R$ 269,99","R$ 219,99","R$ 234,03",3x,Tênis Anacapri Recortes Branco,tenis anacapri recortes branco,tenis anacapri recortes branco
Jorge Bischoff,Off-white,Dafiti,Sapatilha Feminina Jorge Bischoff Recort...,"Calçados,Calçados Femininos,Sapatilhas,Sapatilha Bico Fino","R$ 449,00","R$ 229,99","R$ 244,67",4x,Sapatilha Feminina Jorge Bischoff Recort...,sapatilha feminina jorge bischoff recort,sapatilha feminina jorge bischoff recort
Ramarim,Bege,Dafiti,Tênis Feminino Ramarim Bico Arredondado Bege,"Calçados,Calçados Femininos,Tênis,Tênis Casual","R$ 289,90","R$ 209,99","R$ 223,39",3x,Tênis Feminino Ramarim Bico Arredondado Bege,tenis feminino ramarim bico arredondado bege,tenis feminino ramarim bico arredondado bege
Modare,Preto,Dafiti,Mocassim Feminino Modare Detalhe Metal Preto,"Calçados,Calçados Femininos,Mocassim","R$ 149,90","R$ 104,99","R$ 111,69",1x,Mocassim Feminino Modare Detalhe Metal Preto,mocassim feminino modare detalhe metal preto,mocassim feminino modare detalhe metal preto
Asics,Azul,Dafiti,Tênis Feminino Asics Japan S Camurça Azul,"Calçados,Calçados Femininos,Tênis,Tênis Casual","R$ 499,99","R$ 374,99","R$ 398,93",6x,Tênis Feminino Asics Japan S Camurça Azul,tenis feminino asics japan s camurca azul,tenis feminino asics japan s camurca azul
Bottero,Marrom,Dafiti,Sandália Feminina Bottero Salto Anabela Marrom,"Calçados,Calçados Femininos,Sandálias,Sandália Anabela","R$ 309,99","R$ 229,99","R$ 244,67",4x,Sandália Feminina Bottero Salto Anabela Marrom,sandalia feminina bottero salto anabela marrom,sandalia feminina bottero salto anabela marrom
Luiza Barcelos,Preto,Dafiti,Scarpin Feminino Luiza Barcelos Salto Alto Preto,"Calçados,Calçados Femininos,Scarpin","R$ 599,90","R$ 563,90","R$ 599,89",10x,Scarpin Feminino Luiza Barcelos Salto Alto Preto,scarpin feminino luiza barcelos salto alto preto,scarpin feminino luiza barcelos salto alto preto
VIA UNO,Bege,Dafiti,Rasteira Feminina VIA UNO Tira Larga Bege,"Calçados,Calçados Femininos,Rasteirinhas","R$ 119,99","R$ 94,99","R$ 101,05",1x,Rasteira Feminina VIA UNO Tira Larga Bege,rasteira feminina via uno tira larga bege,rasteira feminina via uno tira larga bege
Beira Rio,Preto,Dafiti,Sapatilha Feminina Beira Rio Texturizada Preta,"Calçados,Calçados Femininos,Sapatilhas,Sapatilha Bico Redondo","R$ 109,90","R$ 44,99","R$ 47,86",1x,Sapatilha Feminina Beira Rio Texturizada Preta,sapatilha feminina beira rio texturizada preta,sapatilha feminina beira rio texturizada preta
Beira Rio,Caramelo,Dafiti,Sandália Feminina Beira Rio Salto Bloco Caramelo,"Calçados,Calçados Femininos,Sandálias,Sandália Salto Grosso","R$ 139,99","R$ 89,99","R$ 95,73",1x,Sandália Feminina Beira Rio Salto Bloco Caramelo,sandalia feminina beira rio salto bloco caramelo,sandalia feminina beira rio salto bloco caramelo
Moleca,Marrom,Dafiti,Tênis Feminino Moleca Texturizado Marrom,"Calçados,Calçados Femininos,Tênis,Tênis Casual","R$ 99,90","R$ 69,99","R$ 74,46",1x,Tênis Feminino Moleca Texturizado Marrom,tenis feminino moleca texturizado marrom,tenis feminino moleca texturizado marrom
Mississipi,Marrom,Dafiti,Bota Feminina Mississipi Cano Baixo Marrom,"Calçados,Calçados Femininos,Botas,Bota Cano Curto","R$ 179,99","R$ 109,99","R$ 117,01",1x,Bota Feminina Mississipi Cano Baixo Marrom,bota feminina mississipi cano baixo marrom,bota feminina mississipi cano baixo marrom
Modare,Bege,Dafiti,Sapatilha Feminina Modare Ponteira Bege,"Calçados,Calçados Femininos,Sapatilhas,Sapatilha Bico Fino","R$ 119,90","R$ 79,99","R$ 85,10",1x,Sapatilha Feminina Modare Ponteira Bege,sapatilha feminina modare ponteira bege,sapatilha feminina modare ponteira bege
Luiza Barcelos,Caramelo,Dafiti,Bota Biker Luiza Barcelos Tachas Caramelo,"Calçados,Calçados Femininos,Botas,Bota Cano Curto","R$ 1.299,90","R$ 489,99","R$ 521,27",8x,Bota Biker Luiza Barcelos Tachas Caramelo,bota biker luiza barcelos tachas caramelo,bota biker luiza barcelos tachas caramelo
Loucos e Santos,Marrom,Dafiti,Tênis Feminino Loucos e Santos Couro Tex...,"Calçados,Calçados Femininos,Tênis,Tênis Casual","R$ 489,00","R$ 259,99","R$ 276,59",4x,Tênis Feminino Loucos e Santos Couro Tex...,tenis feminino loucos e santos couro tex,tenis feminino loucos santos couro tex
Vizzano,Marrom,Dafiti,Bota Feminina Vizzano Cano Curto Salto Q...,"Calçados,Calçados Femininos,Botas,Bota Cano Curto","R$ 269,90","R$ 184,99","R$ 196,80",3x,Bota Feminina Vizzano Cano Curto Salto Q...,bota feminina vizzano cano curto salto q,bota feminina vizzano cano curto salto q
Luiza Barcelos,Marrom,Dafiti,Mule Feminino Luiza Barcelos Detalhe Met...,"Calçados,Calçados Femininos,Mocassim","R$ 699,90","R$ 657,90","R$ 699,89",10x,Mule Feminino Luiza Barcelos Detalhe Met...,mule feminino luiza barcelos detalhe met,mule feminino luiza barcelos detalhe met
Bottero,Marrom,Dafiti,Sandália Feminina Bottero Anabela Tiras ...,"Calçados,Calçados Femininos,Sandálias,Sandália Anabela","R$ 269,99","R$ 189,99","R$ 202,12",3x,Sandália Feminina Bottero Anabela Tiras ...,sandalia feminina bottero anabela tiras,sandalia feminina bottero anabela tiras
adidas Originals,Branco,Dafiti,Tênis adidas Originals Adistar Control Branco,"Calçados,Calçados Femininos,Tênis,Tênis Casual,Calçados Masculinos,Tênis,Tênis Casual","R$ 699,99","R$ 657,98","R$ 699,98",10x,Tênis adidas Originals Adistar Control Branco,tenis adidas originals adistar control branco,tenis adidas originals adistar control branco
Jorge Bischoff,Azul Marinho,Dafiti,Sapatilha Feminina Jorge Bischoff Ponta ...,"Calçados,Calçados Femininos,Sapatilhas,Sapatilha Bico Fino","R$ 499,00","R$ 249,99","R$ 265,95",4x,Sapatilha Feminina Jorge Bischoff Ponta ...,sapatilha feminina jorge bischoff ponta,sapatilha feminina jorge bischoff ponta
Vizzano,Preto,Dafiti,Rasteira Flat Vizzano Aplicação Preta,"Calçados,Calçados Femininos,Rasteirinhas","R$ 129,90","R$ 64,99","R$ 69,14",1x,Rasteira Flat Vizzano Aplicação Preta,rasteira flat vizzano aplicacao preta,rasteira flat vizzano aplicacao preta
Bottero,Nude,Dafiti,Sapatilha Feminina Bottero Laço Nude,"Calçados,Calçados Femininos,Sapatilhas,Sapatilha Bico Redondo","R$ 179,99","R$ 161,99","R$ 172,33",2x,Sapatilha Feminina Bottero Laço Nude,sapatilha feminina bottero laco nude,sapatilha feminina bottero laco nude
Colcci,Off-white,Dafiti,Rasteira Feminina Colcci Duas Tiras Logo Off-White,"Calçados,Calçados Femininos,Rasteirinhas","R$ 289,99","R$ 149,99","R$ 159,56",2x,Rasteira Feminina Colcci Duas Tiras Logo Off-White,rasteira feminina colcci duas tiras logo off white,rasteira feminina colcci duas tiras logo off white
Dakota,Off-white,Dafiti,Rasteira Feminina Dakota Pedraria Off-Wh...,"Calçados,Calçados Femininos,Rasteirinhas","R$ 149,99","R$ 79,99","R$ 85,10",1x,Rasteira Feminina Dakota Pedraria Off-Wh...,rasteira feminina dakota pedraria off wh,rasteira feminina dakota pedraria off wh
DAFITI SHOES,Vinho,Dafiti,Rasteira Papete de Couro Coentruda Vinho...,"Calçados,Calçados Femininos,Papete","R$ 419,99","R$ 259,99","R$ 276,59",4x,Rasteira Papete de Couro Coentruda Vinho...,rasteira papete de couro coentruda vinho,rasteira papete couro coentruda vinho
Santa Lolla,Bege,Dafiti,Tênis Feminino Santa Lolla Couro Bege,"Calçados,Calçados Femininos,Tênis,Tênis Casual","R$ 299,90","R$ 179,99","R$ 191,48",3x,Tênis Feminino Santa Lolla Couro Bege,tenis feminino santa lolla couro bege,tenis feminino santa lolla couro bege
Ramarim,Preto,Dafiti,Tamanco Ramarim Tiras Preto,"Calçados,Calçados Femininos,Tamanco","R$ 159,90","R$ 64,99","R$ 69,14",1x,Tamanco Ramarim Tiras Preto,tamanco ramarim tiras preto,tamanco ramarim tiras preto
Santa Lolla,Preto,Dafiti,Scarpin Feminino Santa Lolla Amarração S...,"Calçados,Calçados Femininos,Scarpin","R$ 249,90","R$ 159,99","R$ 170,20",2x,Scarpin Feminino Santa Lolla Amarração S...,scarpin feminino santa lolla amarracao s,scarpin feminino santa lolla amarracao s
Jorge Bischoff,Bege,Dafiti,Tênis Feminino Jorge Bischoff Texturizado Bege,"Calçados,Calçados Femininos,Tênis,Tênis Casual","R$ 499,00","R$ 249,99","R$ 265,95",4x,Tênis Feminino Jorge Bischoff Texturizado Bege,tenis feminino jorge bischoff texturizado bege,tenis feminino jorge bischoff texturizado bege
Anacapri,Off-white,Dafiti,Tênis Feminino Anacapri Detalhes Dourado...,"Calçados,Calçados Femininos,Tênis,Tênis Casual","R$ 219,90","R$ 149,99","R$ 159,56",2x,Tênis Feminino Anacapri Detalhes Dourado...,tenis feminino anacapri detalhes dourado,tenis feminino anacapri detalhes dourado
Anacapri,Vinho,Dafiti,Tênis Feminino ANACAPRI Cano Baixo Vinho,"Calçados,Calçados Femininos,Tênis,Tênis Casual","R$ 269,90","R$ 209,99","R$ 223,39",3x,Tênis Feminino ANACAPRI Cano Baixo Vinho,tenis feminino anacapri cano baixo vinho,tenis feminino anacapri cano baixo vinho
Luiza Barcelos,Marrom,Dafiti,Rasteira Feminina Luiza Barcelos Detalhes Marrom,"Calçados,Calçados Femininos,Rasteirinhas","R$ 759,90","R$ 459,99","R$ 489,35",8x,Rasteira Feminina Luiza Barcelos Detalhes Marrom,rasteira feminina luiza barcelos detalhes marrom,rasteira feminina luiza barcelos detalhes marrom
Bebecê,Bege,Dafiti,Scarpin Feminino Bebecê Salto Baixo Taça...,"Calçados,Calçados Femininos,Scarpin","R$ 119,99","R$ 94,99","R$ 101,05",1x,Scarpin Feminino Bebecê Salto Baixo Taça...,scarpin feminino bebece salto baixo taca,scarpin feminino bebece salto baixo taca
Santa Lolla,Marrom,Dafiti,Rasteira Feminina Santa Lolla Tira Drapeada Marrom,"Calçados,Calçados Femininos,Rasteirinhas","R$ 149,90","R$ 99,99","R$ 106,37",1x,Rasteira Feminina Santa Lolla Tira Drapeada Marrom,rasteira feminina santa lolla tira drapeada marrom,rasteira feminina santa lolla tira drapeada marrom
Arezzo,Preto,Dafiti,Tênis Arezzo Slip-On Elástico Preto,"Calçados,Calçados Femininos,Tênis,Tênis Casual","R$ 249,99","R$ 234,99","R$ 249,99",4x,Tênis Arezzo Slip-On Elástico Preto,tenis arezzo slip on elastico preto,tenis arezzo slip on elastico preto
Bebecê,Bege,Dafiti,Scarpin Feminino Bebecê Slingback Textur...,"Calçados,Calçados Femininos,Scarpin","R$ 129,99","R$ 99,99","R$ 106,37",1x,Scarpin Feminino Bebecê Slingback Textur...,scarpin feminino bebece slingback textur,scarpin feminino bebece slingback textur
Modare,Caramelo,Dafiti,Rasteira Fechada Feminina Modare Ilhós Caramelo,"Calçados,Calçados Femininos,Rasteirinhas","R$ 129,99","R$ 64,99","R$ 69,14",1x,Rasteira Fechada Feminina Modare Ilhós Caramelo,rasteira fechada feminina modare ilhos caramelo,rasteira fechada feminina modare ilhos caramelo
Beira Rio,Preto,Dafiti,Rasteira Aberta Beira Rio Tachas Preta,"Calçados,Calçados Femininos,Rasteirinhas","R$ 79,90","R$ 34,99","R$ 37,22",1x,Rasteira Aberta Beira Rio Tachas Preta,rasteira aberta beira rio tachas preta,rasteira aberta beira rio tachas preta
Jorge Bischoff,Dourado,Dafiti,Tênis Jorge Bischoff Metalizado Dourada,"Calçados,Calçados Femininos,Tênis,Tênis Casual","R$ 599,00","R$ 239,99","R$ 255,31",4x,Tênis Jorge Bischoff Metalizado Dourada,tenis jorge bischoff metalizado dourada,tenis jorge bischoff metalizado dourada
Beira Rio,Nude,Dafiti,Sandália Anabela Beira Rio Aplicação Nude,"Calçados,Calçados Femininos,Sandálias,Sandália Anabela","R$ 169,99","R$ 89,99","R$ 95,73",1x,Sandália Anabela Beira Rio Aplicação Nude,sandalia anabela beira rio aplicacao nude,sandalia anabela beira rio aplicacao nude
Melissa,Branco,Dafiti,Rasteira Melissa Mar M-Lover Branca,"Calçados,Calçados Femininos,Rasteirinhas","R$ 179,90","R$ 169,10","R$ 179,89",3x,Rasteira Melissa Mar M-Lover Branca,rasteira melissa mar m lover branca,rasteira melissa mar m lover branca
Capodarte,Caramelo,Dafiti,Sapatilha Feminina Capodarte Bico Redondo Caramelo,"Calçados,Calçados Femininos,Sapatilhas,Sapatilha Bico Redondo","R$ 450,00","R$ 329,99","R$ 351,05",5x,Sapatilha Feminina Capodarte Bico Redondo Caramelo,sapatilha feminina capodarte bico redondo caramelo,sapatilha feminina capodarte bico redondo caramelo
Santa Lolla,Branco,Dafiti,Tênis Santa Lolla Recortes Branca,"Calçados,Calçados Femininos,Tênis,Tênis Casual","R$ 249,90","R$ 139,99","R$ 148,93",2x,Tênis Santa Lolla Recortes Branca,tenis santa lolla recortes branca,tenis santa lolla recortes branca
Vans,Preto,Dafiti,Tênis Unissex Vans Slip On Classic Preto,"Calçados,Calçados Femininos,Tênis,Tênis Casual,Calçados Masculinos,Tênis,Tênis Casual","R$ 299,99","R$ 281,99","R$ 299,99",5x,Tênis Unissex Vans Slip On Classic Preto,tenis unissex vans slip on classic preto,tenis unissex vans slip on classic preto
Beira Rio,Preto,Dafiti,Sandália Feminina Beira Rio Salto Bloco Preta,"Calçados,Calçados Femininos,Tamanco","R$ 119,99","R$ 79,99","R$ 85,10",1x,Sandália Feminina Beira Rio Salto Bloco Preta,sandalia feminina beira rio salto bloco preta,sandalia feminina beira rio salto bloco preta
Jorge Bischoff,Caramelo,Dafiti,Scarpin Feminino Jorge Bischoff Couro Te...,"Calçados,Calçados Femininos,Scarpin","R$ 499,00","R$ 279,99","R$ 297,86",4x,Scarpin Feminino Jorge Bischoff Couro Te...,scarpin feminino jorge bischoff couro te,scarpin feminino jorge bischoff couro
Vizzano,Preto,Dafiti,Sandália Feminina Vizzano Plataforma Preta,"Calçados,Calçados Femininos,Sandálias,Sandália Anabela","R$ 169,99","R$ 119,99","R$ 127,65",2x,Sandália Feminina Vizzano Plataforma Preta,sandalia feminina vizzano plataforma preta,sandalia feminina vizzano plataforma preta
Vizzano,Dourado,Dafiti,Sandália Feminina Vizzano Anabela Dourada,"Calçados,Calçados Femininos,Sandálias,Sandália Anabela","R$ 179,99","R$ 129,99","R$ 138,29",2x,Sandália Feminina Vizzano Anabela Dourada,sandalia feminina vizzano anabela dourada,sandalia feminina vizzano anabela dourada
Modare,Off-white,Dafiti,Sapatilha Feminina Modare Detalhe Metali...,"Calçados,Calçados Femininos,Sapatilhas,Sapatilha Bico Redondo","R$ 139,90","R$ 99,99","R$ 106,37",1x,Sapatilha Feminina Modare Detalhe Metali...,sapatilha feminina modare detalhe metali,sapatilha feminina modare detalhe metali
Vizzano,Off-white,Dafiti,Sandália Feminina Vizzano Salto Bloco Off-White,"Calçados,Calçados Femininos,Sandálias,Sandália Salto Grosso","R$ 169,99","R$ 119,99","R$ 127,65",2x,Sandália Feminina Vizzano Salto Bloco Off-White,sandalia feminina vizzano salto bloco off white,sandalia feminina vizzano salto bloco off white
Vizzano,Preto,Dafiti,Mocassim Vizzano Camurça Preto,"Calçados,Calçados Femininos,Mocassim","R$ 149,99","R$ 64,99","R$ 69,14",1x,Mocassim Vizzano Camurça Preto,mocassim vizzano camurca preto,mocassim vizzano camurca preto
Via Mia,Nude,Dafiti,Sapatilha Via Mia Lisa Nude,"Calçados,Calçados Femininos,Sapatilhas,Sapatilha Bico Fino","R$ 99,99","R$ 64,99","R$ 69,14",1x,Sapatilha Via Mia Lisa Nude,sapatilha via mia lisa nude,sapatilha via mia lisa nude
Vizzano,Preto,Dafiti,Sandália Feminina Vizzano Franjas Salto ...,"Calçados,Calçados Femininos,Sandálias","R$ 179,90","R$ 89,99","R$ 95,73",1x,Sandália Feminina Vizzano Franjas Salto ...,sandalia feminina vizzano franjas salto,sandalia feminina vizzano franjas salto
Vizzano,Caramelo,Dafiti,Rasteira Papete Vizzano Aplicação Caramelo,"Calçados,Calçados Femininos,Papete","R$ 119,99","R$ 59,99","R$ 63,82",1x,Rasteira Papete Vizzano Aplicação Caramelo,rasteira papete vizzano aplicacao caramelo,rasteira papete vizzano aplicacao caramelo
Arezzo,Marrom,Dafiti,Sapatilha Arezzo Ponta Fina Marrom,"Calçados,Calçados Femininos,Sapatilhas,Sapatilha Bico Fino","R$ 249,99","R$ 234,99","R$ 249,99",4x,Sapatilha Arezzo Ponta Fina Marrom,sapatilha arezzo ponta fina marrom,sapatilha arezzo ponta fina marrom
Moleca,Off-white,Dafiti,Rasteira Feminina Moleca Tiras Brilhante...,"Calçados,Calçados Femininos,Rasteirinhas","R$ 119,90","R$ 79,99","R$ 85,10",1x,Rasteira Feminina Moleca Tiras Brilhante...,rasteira feminina moleca tiras brilhante,rasteira feminina moleca tiras brilhante
Vizzano,Nude,Dafiti,Sandália Feminina Vizzano Salto Bloco Nude,"Calçados,Calçados Femininos,Sandálias,Sandália Salto Grosso","R$ 169,99","R$ 119,99","R$ 127,65",2x,Sandália Feminina Vizzano Salto Bloco Nude,sandalia feminina vizzano salto bloco nude,sandalia feminina vizzano salto bloco nude
Bebecê,Caramelo,Dafiti,Scarpin Feminino Bebecê Salto Bloco Tira...,"Calçados,Calçados Femininos,Scarpin","R$ 129,99","R$ 99,99","R$ 106,37",1x,Scarpin Feminino Bebecê Salto Bloco Tira...,scarpin feminino bebece salto bloco tira,scarpin feminino bebece salto bloco tira
Beira Rio,Vinho,Dafiti,Sandália Beira Rio Salto Bloco Médio Vinho,"Calçados,Calçados Femininos,Sandálias","R$ 119,90","R$ 79,99","R$ 85,10",1x,Sandália Beira Rio Salto Bloco Médio Vinho,sandalia beira rio salto bloco medio vinho,sandalia beira rio salto bloco medio vinho
Beira Rio,Marrom,Dafiti,Sandália Feminina Beira Rio Salto Grosso Marrom,"Calçados,Calçados Femininos,Sandálias,Sandália Salto Grosso","R$ 169,99","R$ 119,99","R$ 127,65",2x,Sandália Feminina Beira Rio Salto Grosso Marrom,sandalia feminina beira rio salto grosso marrom,sandalia feminina beira rio salto grosso marrom
Usaflex,Marrom,Dafiti,Sandália Feminina Usaflex Salto Baixo De...,"Calçados,Calçados Femininos,Sandálias","R$ 199,99","R$ 139,99","R$ 148,93",2x,Sandália Feminina Usaflex Salto Baixo De...,sandalia feminina usaflex salto baixo de,sandalia feminina usaflex salto baixo
Moleca,Bege,Dafiti,Sapatilha Moleca Perfuros Bege,"Calçados,Calçados Femininos,Sapatilhas,Sapatilha Bico Redondo","R$ 59,90","R$ 43,99","R$ 46,80",1x,Sapatilha Moleca Perfuros Bege,sapatilha moleca perfuros bege,sapatilha moleca perfuros bege
Santa Lolla,Marrom,Dafiti,Mocassim Santa Lolla Bridão Marrom,"Calçados,Calçados Femininos,Mocassim","R$ 289,90","R$ 159,99","R$ 170,20",2x,Mocassim Santa Lolla Bridão Marrom,mocassim santa lolla bridao marrom,mocassim santa lolla bridao marrom
Asics,Cinza,Dafiti,Tênis Feminino Asics Gel-Excite 11 Cinza,"Calçados,Calçados Femininos,Tênis,Tênis Casual","R$ 499,99","R$ 329,99","R$ 351,05",5x,Tênis Feminino Asics Gel-Excite 11 Cinza,tenis feminino asics gel excite 11 cinza,tenis feminino asics gel excite 11 cinza
Fila,Branco,Dafiti,Tênis  Fila Fx-2 Vintage Branco,"Calçados,Calçados Femininos,Tênis,Tênis Casual","R$ 899,99","R$ 379,99","R$ 404,24",6x,Tênis  Fila Fx-2 Vintage Branco,tenis fila fx 2 vintage branco,tenis fila fx 2 vintage branco
Bebecê,Prata,Dafiti,Scarpin Feminino Bebecê Ponta Fina Metal...,"Calçados,Calçados Femininos,Scarpin","R$ 189,90","R$ 119,99","R$ 127,65",2x,Scarpin Feminino Bebecê Ponta Fina Metal...,scarpin feminino bebece ponta fina metal,scarpin feminino bebece ponta fina metal
Via Mia,Caramelo,Dafiti,Sandália Flatform Via Mia Lisa Caramelo,"Calçados,Calçados Femininos,Sandálias,Sandália Plataforma","R$ 219,99","R$ 139,99","R$ 148,93",2x,Sandália Flatform Via Mia Lisa Caramelo,sandalia flatform via mia lisa caramelo,sandalia flatform via mia lisa caramelo
Luiza Barcelos,Preto,Dafiti,Scarpin Feminino Luiza Barcelos Salto Qu...,"Calçados,Calçados Femininos,Scarpin","R$ 599,90","R$ 359,99","R$ 382,97",6x,Scarpin Feminino Luiza Barcelos Salto Qu...,scarpin feminino luiza barcelos salto qu,scarpin feminino luiza barcelos salto qu
Lança Perfume,Preto,Dafiti,Rasteira Feminina Lança Perfume Fechada Preta,"Calçados,Calçados Femininos,Rasteirinhas","R$ 463,00","R$ 299,99","R$ 319,14",5x,Rasteira Feminina Lança Perfume Fechada Preta,rasteira feminina lanca perfume fechada preta,rasteira feminina lanca perfume fechada preta
Converse,Dourado,Dafiti,Tênis Feminino Converse Chuck Taylor All...,"Calçados,Calçados Femininos,Tênis,Tênis Casual","R$ 399,90",,"R$ 399,90",6x,Tênis Feminino Converse Chuck Taylor All...,tenis feminino converse chuck taylor all,tenis feminino converse chuck taylor all
Lança Perfume,Preto,Dafiti,Rasteira Feminina Lança Perfume Pedrarias Preta,"Calçados,Calçados Femininos,Rasteirinhas","R$ 263,00","R$ 139,99","R$ 148,93",2x,Rasteira Feminina Lança Perfume Pedrarias Preta,rasteira feminina lanca perfume pedrarias preta,rasteira feminina lanca perfume pedrarias preta
Santa Lolla,Bege,Dafiti,Sapatilha Mule Santa Lolla Tiras E Fivelas Bege,"Calçados,Calçados Femininos,Sapatilhas,Sapatilha Bico Fino","R$ 199,90","R$ 119,99","R$ 127,65",2x,Sapatilha Mule Santa Lolla Tiras E Fivelas Bege,sapatilha mule santa lolla tiras e fivelas bege,sapatilha mule santa lolla tiras fivelas bege
Asics,Preto,Dafiti,Tênis Feminino Asics Gel Nimbus 28 Platinum Preto,"Calçados,Calçados Femininos,Tênis,Tênis Casual","R$ 1.399,99","R$ 1.315,98","R$ 1.399,98",10x,Tênis Feminino Asics Gel Nimbus 28 Platinum Preto,tenis feminino asics gel nimbus 28 platinum preto,tenis feminino asics gel nimbus 28 platinum preto
Jorge Bischoff,Marrom,Dafiti,Scarpin Feminino Jorge Bischoff Couro Sl...,"Calçados,Calçados Femininos,Scarpin","R$ 599,00","R$ 359,99","R$ 382,97",6x,Scarpin Feminino Jorge Bischoff Couro Sl...,scarpin feminino jorge bischoff couro sl,scarpin feminino jorge bischoff couro sl
Ramarim,Marrom,Dafiti,Scarpin Ramarim Verniz Marrom,"Calçados,Calçados Femininos,Scarpin","R$ 169,99","R$ 79,99","R$ 85,10",1x,Scarpin Ramarim Verniz Marrom,scarpin ramarim verniz marrom,scarpin ramarim verniz marrom
Santa Lolla,Bege,Dafiti,Rasteira Feminina Santa Lolla Trançada A...,"Calçados,Calçados Femininos,Rasteirinhas","R$ 199,90","R$ 119,99","R$ 127,65",2x,Rasteira Feminina Santa Lolla Trançada A...,rasteira feminina santa lolla trancada a,rasteira feminina santa lolla trancada
Loucos e Santos,Marrom,Dafiti,Sapato Fechado Feminino Loucos e Santos ...,"Calçados,Calçados Femininos,Scarpin","R$ 399,00","R$ 209,99","R$ 223,39",3x,Sapato Fechado Feminino Loucos e Santos ...,sapato fechado feminino loucos e santos,sapato fechado feminino loucos santos
Moleca,Off-white,Dafiti,Sandália Baixa Moleca Duas Tiras Brilhan...,"Calçados,Calçados Femininos,Sandálias","R$ 119,90","R$ 59,99","R$ 63,82",1x,Sandália Baixa Moleca Duas Tiras Brilhan...,sandalia baixa moleca duas tiras brilhan,sandalia baixa moleca duas tiras brilhan
Beira Rio,Dourado,Dafiti,Sandália Feminina Beira Rio Salto Bloco Dourado,"Calçados,Calçados Femininos,Sandálias,Sandália Salto Grosso","R$ 169,99","R$ 119,99","R$ 127,65",2x,Sandália Feminina Beira Rio Salto Bloco Dourado,sandalia feminina beira rio salto bloco dourado,sandalia feminina beira rio salto bloco dourado
Santa Lolla,Vinho,Dafiti,Sandália Feminina Santa Lolla Salto Alto Vinho,"Calçados,Calçados Femininos,Tamanco","R$ 199,90","R$ 139,99","R$ 148,93",2x,Sandália Feminina Santa Lolla Salto Alto Vinho,sandalia feminina santa lolla salto alto vinho,sandalia feminina santa lolla salto alto vinho
Santa Lolla,Marrom,Dafiti,Sandália Feminina Santa Lolla Tiras Tran...,"Calçados,Calçados Femininos,Sandálias","R$ 399,90","R$ 179,99","R$ 191,48",3x,Sandália Feminina Santa Lolla Tiras Tran...,sandalia feminina santa lolla tiras tran,sandalia feminina santa lolla tiras tran
VIA UNO,Preto,Dafiti,Sandália Via Uno Tira Hotfix Preta,"Calçados,Calçados Femininos,Sandálias,Sandália Salto Grosso","R$ 129,99","R$ 59,99","R$ 63,82",1x,Sandália Via Uno Tira Hotfix Preta,sandalia via uno tira hotfix preta,sandalia via uno tira hotfix preta
Luiza Barcelos,Marrom,Dafiti,Sandália Feminina Luiza Barcelos Salto M...,"Calçados,Calçados Femininos,Tamanco","R$ 599,90","R$ 409,99","R$ 436,16",7x,Sandália Feminina Luiza Barcelos Salto M...,sandalia feminina luiza barcelos salto m,sandalia feminina luiza barcelos salto m
Asics,Preto,Dafiti,Tênis Feminino Asics Gel Excite 11 Preto,"Calçados,Calçados Femininos,Tênis,Tênis Casual","R$ 499,99","R$ 369,99","R$ 393,61",6x,Tênis Feminino Asics Gel Excite 11 Preto,tenis feminino asics gel excite 11 preto,tenis feminino asics gel excite 11 preto
Melissa,Preto,Dafiti,Chinelo Melissa Sun Long Beach Ii Ad Preto,"Calçados,Calçados Femininos,Chinelos","R$ 89,90","R$ 84,50","R$ 89,89",1x,Chinelo Melissa Sun Long Beach Ii Ad Preto,chinelo melissa sun long beach ii ad preto,chinelo melissa sun long beach ii ad preto
Beira Rio,Bege,Dafiti,Sandália Feminina Beira Rio Tiras Cruzadas Bege,"Calçados,Calçados Femininos,Sandálias","R$ 89,90","R$ 64,99","R$ 69,14",1x,Sandália Feminina Beira Rio Tiras Cruzadas Bege,sandalia feminina beira rio tiras cruzadas bege,sandalia feminina beira rio tiras cruzadas bege
Vizzano,Bege,Dafiti,Mule Feminino Vizzano Salto Plataforma Bege,"Calçados,Calçados Femininos,Mocassim","R$ 199,90","R$ 144,99","R$ 154,24",2x,Mule Feminino Vizzano Salto Plataforma Bege,mule feminino vizzano salto plataforma bege,mule feminino vizzano salto plataforma bege
Bottero,Marrom,Dafiti,Bota Feminina Bottero Cano Baixo Salto Fino Marrom,"Calçados,Calçados Femininos,Botas,Bota Cano Curto","R$ 499,99","R$ 359,99","R$ 382,97",6x,Bota Feminina Bottero Cano Baixo Salto Fino Marrom,bota feminina bottero cano baixo salto fino marrom,bota feminina bottero cano baixo salto fino marrom
Beira Rio,Marrom,Dafiti,Rasteira Feminina Beira Rio Detalhe Meta...,"Calçados,Calçados Femininos,Rasteirinhas","R$ 99,90","R$ 64,99","R$ 69,14",1x,Rasteira Feminina Beira Rio Detalhe Meta...,rasteira feminina beira rio detalhe meta,rasteira feminina beira rio detalhe meta
Santa Lolla,Preto,Dafiti,Tênis Santa Lolla Liso Preto,"Calçados,Calçados Femininos,Tênis,Tênis Casual","R$ 229,90","R$ 129,99","R$ 138,29",2x,Tênis Santa Lolla Liso Preto,tenis santa lolla liso preto,tenis santa lolla liso preto
Santa Lolla,Marrom,Dafiti,Bota Feminina Santa Lolla Cano Alto Couro Marrom,"Calçados,Calçados Femininos,Botas,Bota Montaria e Cano Longo","R$ 599,90","R$ 449,99","R$ 478,71",7x,Bota Feminina Santa Lolla Cano Alto Couro Marrom,bota feminina santa lolla cano alto couro marrom,bota feminina santa lolla cano alto couro marrom
Santa Lolla,Marrom,Dafiti,Sapatilha Feminina Santa Lolla Laço Marrom,"Calçados,Calçados Femininos,Sapatilhas,Sapatilha Bico Redondo","R$ 229,90","R$ 169,99","R$ 180,84",3x,Sapatilha Feminina Santa Lolla Laço Marrom,sapatilha feminina santa lolla laco marrom,sapatilha feminina santa lolla laco marrom
Vizzano,Preto,Dafiti,Sandália Feminina Vizzano Salto Quadrado Preta,"Calçados,Calçados Femininos,Tamanco","R$ 169,90","R$ 119,99","R$ 127,65",2x,Sandália Feminina Vizzano Salto Quadrado Preta,sandalia feminina vizzano salto quadrado preta,sandalia feminina vizzano salto quadrado preta
Luiza Barcelos,Vermelho,Dafiti,Sandália Feminina Luiza Barcelos Salto A...,"Calçados,Calçados Femininos,Tamanco","R$ 699,90","R$ 199,99","R$ 212,76",3x,Sandália Feminina Luiza Barcelos Salto A...,sandalia feminina luiza barcelos salto a,sandalia feminina luiza barcelos salto
Fila,Preto,Dafiti,Chinelo  Fila Drifter Foam Preto,"Calçados,Calçados Femininos,Chinelos","R$ 149,99","R$ 79,99","R$ 85,10",1x,Chinelo  Fila Drifter Foam Preto,chinelo fila drifter foam preto,chinelo fila drifter foam preto
Colcci,Preto,Dafiti,Rasteira Feminina Colcci Tiras Cruzadas ...,"Calçados,Calçados Femininos,Rasteirinhas","R$ 249,99","R$ 139,99","R$ 148,93",2x,Rasteira Feminina Colcci Tiras Cruzadas ...,rasteira feminina colcci tiras cruzadas,rasteira feminina colcci tiras cruzadas
Santa Lolla,Nude,Dafiti,Sapatilha Feminina Santa Lolla Vazado Nude,"Calçados,Calçados Femininos,Sapatilhas,Sapatilha Bico Redondo","R$ 249,90","R$ 179,99","R$ 191,48",3x,Sapatilha Feminina Santa Lolla Vazado Nude,sapatilha feminina santa lolla vazado nude,sapatilha feminina santa lolla vazado nude
Santa Lolla,Marrom,Dafiti,Sandália Feminina Santa Lolla Salto Anab...,"Calçados,Calçados Femininos,Sandálias","R$ 259,99","R$ 179,99","R$ 191,48",3x,Sandália Feminina Santa Lolla Salto Anab...,sandalia feminina santa lolla salto anab,sandalia feminina santa lolla salto anab
Jorge Bischoff,Preto,Dafiti,Mocassim Feminino Jorge Bischoff Couro Preto,"Calçados,Calçados Femininos,Mocassim","R$ 499,00","R$ 279,99","R$ 297,86",4x,Mocassim Feminino Jorge Bischoff Couro Preto,mocassim feminino jorge bischoff couro preto,mocassim feminino jorge bischoff couro preto
Vizzano,Marrom,Dafiti,Sandália Feminina Vizzano Spikes Marrom,"Calçados,Calçados Femininos,Sandálias","R$ 189,90","R$ 129,99","R$ 138,29",2x,Sandália Feminina Vizzano Spikes Marrom,sandalia feminina vizzano spikes marrom,sandalia feminina vizzano spikes marrom
Santa Lolla,Preto,Dafiti,Rasteira Santa Lolla Tachas Preta,"Calçados,Calçados Femininos,Rasteirinhas","R$ 229,90","R$ 119,99","R$ 127,65",2x,Rasteira Santa Lolla Tachas Preta,rasteira santa lolla tachas preta,rasteira santa lolla tachas preta
Vizzano,Preto,Dafiti,Bota Feminina Vizzano Cano Baixo Pedraria Preta,"Calçados,Calçados Femininos,Botas,Coturno e Biker","R$ 229,99","R$ 149,99","R$ 159,56",2x,Bota Feminina Vizzano Cano Baixo Pedraria Preta,bota feminina vizzano cano baixo pedraria preta,bota feminina vizzano cano baixo pedraria preta
Arezzo,Verde,Dafiti,Sandália Feminina Arezzo Salto Alto Tiras Verde,"Calçados,Calçados Femininos,Sandálias","R$ 439,90","R$ 413,50","R$ 439,89",7x,Sandália Feminina Arezzo Salto Alto Tiras Verde,sandalia feminina arezzo salto alto tiras verde,sandalia feminina arezzo salto alto tiras verde
Luiza Barcelos,Caramelo,Dafiti,Scarpin Feminino Luiza Barcelos Couro Caramelo,"Calçados,Calçados Femininos,Scarpin","R$ 699,90",,"R$ 699,90",10x,Scarpin Feminino Luiza Barcelos Couro Caramelo,scarpin feminino luiza barcelos couro caramelo,scarpin feminino luiza barcelos couro caramelo
Beira Rio,Marrom,Dafiti,Bota Feminina Beira Rio Cano Baixo Salto...,"Calçados,Calçados Femininos,Botas,Bota Cano Curto","R$ 249,99","R$ 159,99","R$ 170,20",2x,Bota Feminina Beira Rio Cano Baixo Salto...,bota feminina beira rio cano baixo salto,bota feminina beira rio cano baixo salto
Bottero,Preto,Dafiti,Sapatilha Feminina Bottero Detalhe Metálico Preta,"Calçados,Calçados Femininos,Sapatilhas,Sapatilha Bico Fino","R$ 219,99","R$ 159,99","R$ 170,20",2x,Sapatilha Feminina Bottero Detalhe Metálico Preta,sapatilha feminina bottero detalhe metalico preta,sapatilha feminina bottero detalhe metalico preta
Santa Lolla,Bordô,Dafiti,Sapatilha Feminina Santa Lolla Laço Bordô,"Calçados,Calçados Femininos,Sapatilhas,Sapatilha Bico Redondo","R$ 229,90","R$ 169,99","R$ 180,84",3x,Sapatilha Feminina Santa Lolla Laço Bordô,sapatilha feminina santa lolla laco bordo,sapatilha feminina santa lolla laco bordo
Loucos e Santos,Preto,Dafiti,Bota Loucos E Santos Cano Curto Preta,"Calçados,Calçados Femininos,Botas,Bota Cano Curto","R$ 599,00","R$ 199,99","R$ 212,76",3x,Bota Loucos E Santos Cano Curto Preta,bota loucos e santos cano curto preta,bota loucos santos cano curto preta
VIA UNO,Preto,Dafiti,Sandália Feminina Via Uno Baixa Pedraria Preta,"Calçados,Calçados Femininos,Sandálias","R$ 159,99","R$ 89,99","R$ 95,73",1x,Sandália Feminina Via Uno Baixa Pedraria Preta,sandalia feminina via uno baixa pedraria preta,sandalia feminina via uno baixa pedraria preta
Luiza Barcelos,Dourado,Dafiti,Sapatilha Feminina Luiza Barcelos Trança...,"Calçados,Calçados Femininos,Sapatilhas,Sapatilha Bico Redondo","R$ 999,90","R$ 629,99","R$ 670,20",10x,Sapatilha Feminina Luiza Barcelos Trança...,sapatilha feminina luiza barcelos tranca,sapatilha feminina luiza barcelos tranca
DAFITI SHOES,Prata,Dafiti,Rasteira Papete Toalha da Mamma Prata Da...,"Calçados,Calçados Femininos,Papete","R$ 419,99","R$ 259,99","R$ 276,59",4x,Rasteira Papete Toalha da Mamma Prata Da...,rasteira papete toalha da mamma prata da,rasteira papete toalha mamma prata
Ramarim,Bege,Dafiti,Sandália Ramarim Lisa Bege,"Calçados,Calçados Femininos,Sandálias,Sandália Plataforma","R$ 189,97","R$ 89,99","R$ 95,73",1x,Sandália Ramarim Lisa Bege,sandalia ramarim lisa bege,sandalia ramarim lisa bege
Melissa,Preto,Dafiti,Rasteira Feminina Melissa Logo Preta,"Calçados,Calçados Femininos,Chinelos,Rasteirinhas","R$ 119,90","R$ 112,70","R$ 119,89",2x,Rasteira Feminina Melissa Logo Preta,rasteira feminina melissa logo preta,rasteira feminina melissa logo preta
Capodarte,Dourado,Dafiti,Sandália Baixa Feminina Capodarte Tiras ...,"Calçados,Calçados Femininos,Sandálias,Sandália Salto Grosso","R$ 650,00","R$ 309,99","R$ 329,78",5x,Sandália Baixa Feminina Capodarte Tiras ...,sandalia baixa feminina capodarte tiras,sandalia baixa feminina capodarte tiras
Vizzano,Off-white,Dafiti,Mocassim Feminino Vizzano Laço Detalhe Off-White,"Calçados,Calçados Femininos,Mocassim","R$ 139,90","R$ 69,99","R$ 74,46",1x,Mocassim Feminino Vizzano Laço Detalhe Off-White,mocassim feminino vizzano laco detalhe off white,mocassim feminino vizzano laco detalhe off white
Santa Lolla,Rosa,Dafiti,Tênis Feminino Santa Lolla Bico Redondo Rosa,"Calçados,Calçados Femininos,Tênis,Tênis Casual","R$ 299,90","R$ 179,99","R$ 191,48",3x,Tênis Feminino Santa Lolla Bico Redondo Rosa,tenis feminino santa lolla bico redondo rosa,tenis feminino santa lolla bico redondo rosa
Jorge Bischoff,Nude,Dafiti,Sapatilha Feminina Jorge Bischoff Textur...,"Calçados,Calçados Femininos,Sapatilhas,Sapatilha Bico Fino","R$ 499,00","R$ 239,99","R$ 255,31",4x,Sapatilha Feminina Jorge Bischoff Textur...,sapatilha feminina jorge bischoff textur,sapatilha feminina jorge bischoff textur
Beira Rio,Caramelo,Dafiti,Sandália Alta Feminino Beira Rio Salto B...,"Calçados,Calçados Femininos,Sandálias,Sandália Salto Grosso","R$ 169,99","R$ 119,99","R$ 127,65",2x,Sandália Alta Feminino Beira Rio Salto B...,sandalia alta feminino beira rio salto b,sandalia alta feminino beira rio salto b
Arezzo,Preto,Dafiti,Bota Feminina Arezzo Cano Baixo Salto Qu...,"Calçados,Calçados Femininos,Botas,Bota Cano Curto","R$ 399,90","R$ 375,90","R$ 399,89",6x,Bota Feminina Arezzo Cano Baixo Salto Qu...,bota feminina arezzo cano baixo salto qu,bota feminina arezzo cano baixo salto qu
Luiza Barcelos,Café,Dafiti,Bota Luiza Barcelos Cano Baixo Salto Grosso Café,"Calçados,Calçados Femininos,Botas,Bota Cano Curto","R$ 599,90","R$ 563,90","R$ 599,89",10x,Bota Luiza Barcelos Cano Baixo Salto Grosso Café,bota luiza barcelos cano baixo salto grosso cafe,bota luiza barcelos cano baixo salto grosso cafe
Beira Rio,Preto,Dafiti,Sandália Feminina Beira Rio Tiras Cruzadas Preta,"Calçados,Calçados Femininos,Sandálias","R$ 149,90","R$ 79,99","R$ 85,10",1x,Sandália Feminina Beira Rio Tiras Cruzadas Preta,sandalia feminina beira rio tiras cruzadas preta,sandalia feminina beira rio tiras cruzadas preta
Beira Rio,Preto,Dafiti,Rasteira Flatform Beira Rio Aplicação Preta,"Calçados,Calçados Femininos,Rasteirinhas","R$ 169,99","R$ 89,99","R$ 95,73",1x,Rasteira Flatform Beira Rio Aplicação Preta,rasteira flatform beira rio aplicacao preta,rasteira flatform beira rio aplicacao preta
Bottero,Preto,Dafiti,Sapatilha Feminina Bottero Couro Vazado Preta,"Calçados,Calçados Femininos,Sapatilhas,Sapatilha Bico Redondo","R$ 309,99","R$ 219,99","R$ 234,03",3x,Sapatilha Feminina Bottero Couro Vazado Preta,sapatilha feminina bottero couro vazado preta,sapatilha feminina bottero couro vazado preta
Vizzano,Branco,Dafiti,Sandália Feminina Vizzano Bloco Aplicaçõ...,"Calçados,Calçados Femininos,Sandálias,Sandália Salto Grosso","R$ 169,99","R$ 109,99","R$ 117,01",1x,Sandália Feminina Vizzano Bloco Aplicaçõ...,sandalia feminina vizzano bloco aplicaco,sandalia feminina vizzano bloco aplicaco
Arezzo,Caramelo,Dafiti,Mocassim Arezzo Detalhe Metálico Caramelo,"Calçados,Calçados Femininos,Mocassim","R$ 399,99","R$ 375,99","R$ 399,99",6x,Mocassim Arezzo Detalhe Metálico Caramelo,mocassim arezzo detalhe metalico caramelo,mocassim arezzo detalhe metalico caramelo
VIA UNO,Marrom,Dafiti,Sandália Feminina Via Uno Salto Médio Marrom,"Calçados,Calçados Femininos,Sandálias","R$ 129,99","R$ 99,99","R$ 106,37",1x,Sandália Feminina Via Uno Salto Médio Marrom,sandalia feminina via uno salto medio marrom,sandalia feminina via uno salto medio marrom
Loucos e Santos,Marrom,Dafiti,Rasteira Feminina Loucos e Santos Tachas Marrom,"Calçados,Calçados Femininos,Sandálias,Chinelos,Rasteirinhas","R$ 349,00","R$ 179,99","R$ 191,48",3x,Rasteira Feminina Loucos e Santos Tachas Marrom,rasteira feminina loucos e santos tachas marrom,rasteira feminina loucos santos tachas marrom
VIA UNO,Marrom,Dafiti,Rasteira Feminina VIA UNO Esferas Decora...,"Calçados,Calçados Femininos,Rasteirinhas","R$ 149,99","R$ 79,99","R$ 85,10",1x,Rasteira Feminina VIA UNO Esferas Decora...,rasteira feminina via uno esferas decora,rasteira feminina via uno esferas decora
Vizzano,Prata,Dafiti,Rasteira Feminina Vizzano Fechada Flores...,"Calçados,Calçados Femininos,Rasteirinhas","R$ 129,90","R$ 89,99","R$ 95,73",1x,Rasteira Feminina Vizzano Fechada Flores...,rasteira feminina vizzano fechada flores,rasteira feminina vizzano fechada flores
Arezzo,Marrom,Dafiti,Sandália Feminina Arezzo Bico Quadrado Marrom,"Calçados,Calçados Femininos,Tamanco","R$ 399,90","R$ 375,90","R$ 399,89",6x,Sandália Feminina Arezzo Bico Quadrado Marrom,sandalia feminina arezzo bico quadrado marrom,sandalia feminina arezzo bico quadrado marrom
Modare,Preto,Dafiti,Sandália Feminina Modare Tiras Detalhe Preta,"Calçados,Calçados Femininos,Sandálias","R$ 109,90","R$ 84,99","R$ 90,41",1x,Sandália Feminina Modare Tiras Detalhe Preta,sandalia feminina modare tiras detalhe preta,sandalia feminina modare tiras detalhe preta
Lança Perfume,Vinho,Dafiti,Sandália Feminina Lança Perfume Couro Sa...,"Calçados,Calçados Femininos,Sandálias","R$ 593,00","R$ 379,99","R$ 404,24",6x,Sandália Feminina Lança Perfume Couro Sa...,sandalia feminina lanca perfume couro sa,sandalia feminina lanca perfume couro sa
Moleca,Cinza,Dafiti,Rasteira Flat Moleca Tiras Metalizadas Grafite,"Calçados,Calçados Femininos,Rasteirinhas","R$ 119,99","R$ 54,99","R$ 58,50",1x,Rasteira Flat Moleca Tiras Metalizadas Grafite,rasteira flat moleca tiras metalizadas grafite,rasteira flat moleca tiras metalizadas grafite
Arezzo,Dourado,Dafiti,Sandália Arezzo Salto Bloco Metalizada Platino,"Calçados,Calçados Femininos,Sandálias","R$ 379,99","R$ 357,19","R$ 379,99",6x,Sandália Arezzo Salto Bloco Metalizada Platino,sandalia arezzo salto bloco metalizada platino,sandalia arezzo salto bloco metalizada platino
Beira Rio,Verde,Dafiti,Sandália Feminina Beira Rio Salto Médio Verde,"Calçados,Calçados Femininos,Tamanco","R$ 129,90","R$ 89,99","R$ 95,73",1x,Sandália Feminina Beira Rio Salto Médio Verde,sandalia feminina beira rio salto medio verde,sandalia feminina beira rio salto medio verde
Moleca,Bege,Dafiti,Sapatilha Feminina Moleca Bico Fino Bege,"Calçados,Calçados Femininos,Sapatilhas,Sapatilha Bico Redondo","R$ 59,90","R$ 39,99","R$ 42,54",1x,Sapatilha Feminina Moleca Bico Fino Bege,sapatilha feminina moleca bico fino bege,sapatilha feminina moleca bico fino bege
Moleca,Off-white,Dafiti,Sandália Baixa Moleca Tiras Brilhosas Off-White,"Calçados,Calçados Femininos,Sandálias","R$ 119,90","R$ 59,99","R$ 63,82",1x,Sandália Baixa Moleca Tiras Brilhosas Off-White,sandalia baixa moleca tiras brilhosas off white,sandalia baixa moleca tiras brilhosas off white
Moleca,Off-white,Dafiti,Rasteira Slide Moleca Hotfix Off-White,"Calçados,Calçados Femininos,Papete","R$ 109,90","R$ 54,99","R$ 58,50",1x,Rasteira Slide Moleca Hotfix Off-White,rasteira slide moleca hotfix off white,rasteira slide moleca hotfix off white
Mooncity,Café,Dafiti,Bota Anabela Mooncity Cano Baixo Fivela Café,"Calçados,Calçados Femininos,Botas,Bota Cano Curto","R$ 169,99","R$ 129,99","R$ 138,29",2x,Bota Anabela Mooncity Cano Baixo Fivela Café,bota anabela mooncity cano baixo fivela cafe,bota anabela mooncity cano baixo fivela cafe
Beira Rio,Caramelo,Dafiti,Sandália Feminina Beira Rio Espadrille Caramelo,"Calçados,Calçados Femininos,Rasteirinhas","R$ 139,99","R$ 89,99","R$ 95,73",1x,Sandália Feminina Beira Rio Espadrille Caramelo,sandalia feminina beira rio espadrille caramelo,sandalia feminina beira rio espadrille caramelo
FARM,Verde,Dafiti,Rasteira Feminina FARM Estampa Tropical Verde,"Calçados,Calçados Femininos,Rasteirinhas","R$ 299,99","R$ 139,99","R$ 148,93",2x,Rasteira Feminina FARM Estampa Tropical Verde,rasteira feminina farm estampa tropical verde,rasteira feminina farm estampa tropical verde
Vizzano,Caramelo,Dafiti,Tamanco Vizzano Aplicação Caramelo,"Calçados,Calçados Femininos,Tamanco","R$ 159,90","R$ 79,99","R$ 85,10",1x,Tamanco Vizzano Aplicação Caramelo,tamanco vizzano aplicacao caramelo,tamanco vizzano aplicacao caramelo
VIA UNO,Marrom,Dafiti,Rasteira Feminina Via Uno Slide Marrom,"Calçados,Calçados Femininos,Rasteirinhas","R$ 99,99","R$ 69,99","R$ 74,46",1x,Rasteira Feminina Via Uno Slide Marrom,rasteira feminina via uno slide marrom,rasteira feminina via uno slide marrom
Bottero,Preto,Dafiti,Bota Bottero Camurça Preta,"Calçados,Calçados Femininos,Botas,Bota Cano Médio","R$ 429,99","R$ 199,99","R$ 212,76",3x,Bota Bottero Camurça Preta,bota bottero camurca preta,bota bottero camurca preta
Vizzano,Off-white,Dafiti,Sandália Feminina Vizzano Salto Bloco Ta...,"Calçados,Calçados Femininos,Sandálias,Sandália Salto Grosso","R$ 219,99","R$ 139,99","R$ 148,93",2x,Sandália Feminina Vizzano Salto Bloco Ta...,sandalia feminina vizzano salto bloco ta,sandalia feminina vizzano salto bloco ta
Vizzano,Preto,Dafiti,Sandália Feminina Vizzano Tiras Pedrarias Preta,"Calçados,Calçados Femininos,Sandálias","R$ 139,90","R$ 79,99","R$ 85,10",1x,Sandália Feminina Vizzano Tiras Pedrarias Preta,sandalia feminina vizzano tiras pedrarias preta,sandalia feminina vizzano tiras pedrarias preta
Santa Lolla,Vermelho,Dafiti,Sapatilha Santa Lolla Tachas Metalizadas Vermelha,"Calçados,Calçados Femininos,Sapatilhas,Sapatilha Bico Redondo","R$ 399,90","R$ 249,99","R$ 265,95",4x,Sapatilha Santa Lolla Tachas Metalizadas Vermelha,sapatilha santa lolla tachas metalizadas vermelha,sapatilha santa lolla tachas metalizadas vermelha
Anacapri,Preto,Dafiti,Scarpin Mule ANACAPRI Bridão Preto,"Calçados,Calçados Femininos,Scarpin","R$ 259,90","R$ 139,99","R$ 148,93",2x,Scarpin Mule ANACAPRI Bridão Preto,scarpin mule anacapri bridao preto,scarpin mule anacapri bridao preto
Bebecê,Nude,Dafiti,Sapatilha Feminina Bepecê Texturizada Nude,"Calçados,Calçados Femininos,Mocassim","R$ 89,99","R$ 64,99","R$ 69,14",1x,Sapatilha Feminina Bepecê Texturizada Nude,sapatilha feminina bepece texturizada nude,sapatilha feminina bepece texturizada nude
Arezzo,Preto,Dafiti,Sandália Rasteira Arezzo Tiras Nó Preta,"Calçados,Calçados Femininos,Rasteirinhas","R$ 299,99","R$ 281,99","R$ 299,99",5x,Sandália Rasteira Arezzo Tiras Nó Preta,sandalia rasteira arezzo tiras no preta,sandalia rasteira arezzo tiras preta
Anacapri,Preto,Dafiti,Sapatilha Anacapri Lisa Preta,"Calçados,Calçados Femininos,Sapatilhas,Sapatilha Bico Fino","R$ 169,90","R$ 149,99","R$ 159,56",2x,Sapatilha Anacapri Lisa Preta,sapatilha anacapri lisa preta,sapatilha anacapri lisa preta
Bebecê,Preto,Dafiti,Bota Over The Knee Bebecê Cano Alto Camu...,"Calçados,Calçados Femininos,Botas,Bota Montaria e Cano Longo","R$ 329,90","R$ 229,99","R$ 244,67",4x,Bota Over The Knee Bebecê Cano Alto Camu...,bota over the knee bebece cano alto camu,bota over the knee bebece cano alto camu
Luiza Barcelos,Marrom,Dafiti,Sandália Feminina Luiza Barcelos Tiras T...,"Calçados,Calçados Femininos,Tamanco","R$ 599,90","R$ 329,99","R$ 351,05",5x,Sandália Feminina Luiza Barcelos Tiras T...,sandalia feminina luiza barcelos tiras t,sandalia feminina luiza barcelos tiras t
Vizzano,Marrom,Dafiti,Mocassim Vizzano Detalhe Metalizado Marrom,"Calçados,Calçados Femininos,Mocassim","R$ 169,99","R$ 89,99","R$ 95,73",1x,Mocassim Vizzano Detalhe Metalizado Marrom,mocassim vizzano detalhe metalizado marrom,mocassim vizzano detalhe metalizado marrom
Bottero,Dourado,Dafiti,Sapatilha Bottero Metalizada Dourada,"Calçados,Calçados Femininos,Sapatilhas,Sapatilha Bico Redondo","R$ 179,90","R$ 159,99","R$ 170,20",2x,Sapatilha Bottero Metalizada Dourada,sapatilha bottero metalizada dourada,sapatilha bottero metalizada dourada
Melissa,Branco,Dafiti,Chinelo Slide Melissa Free Print Branco,"Calçados,Calçados Femininos,Chinelos","R$ 189,90","R$ 178,50","R$ 189,89",3x,Chinelo Slide Melissa Free Print Branco,chinelo slide melissa free print branco,chinelo slide melissa free print branco
Capodarte,Preto,Dafiti,Bota Feminina Capodarte Cano Alto Matelassê Preta,"Calçados,Calçados Femininos,Botas,Bota Montaria e Cano Longo","R$ 990,00","R$ 689,99","R$ 734,03",10x,Bota Feminina Capodarte Cano Alto Matelassê Preta,bota feminina capodarte cano alto matelasse preta,bota feminina capodarte cano alto matelasse preta
Beira Rio,Caramelo,Dafiti,Sandália Beira Rio Tressê Caramelo,"Calçados,Calçados Femininos,Sandálias,Sandália Anabela","R$ 169,99","R$ 89,99","R$ 95,73",1x,Sandália Beira Rio Tressê Caramelo,sandalia beira rio tresse caramelo,sandalia beira rio tresse caramelo
Santa Lolla,Bege,Dafiti,Bota Feminina Santa Lolla Cano Alto Couro Bege,"Calçados,Calçados Femininos,Botas,Bota Cano Médio","R$ 499,90","R$ 379,99","R$ 404,24",6x,Bota Feminina Santa Lolla Cano Alto Couro Bege,bota feminina santa lolla cano alto couro bege,bota feminina santa lolla cano alto couro bege
Arezzo,Marrom,Dafiti,Mocassim Arezzo Bico Redondo Dourado Marrom,"Calçados,Calçados Femininos,Mocassim","R$ 299,99","R$ 281,99","R$ 299,99",5x,Mocassim Arezzo Bico Redondo Dourado Marrom,mocassim arezzo bico redondo dourado marrom,mocassim arezzo bico redondo dourado marrom
Santa Lolla,Nude,Dafiti,Sandália Santa Lolla Tiras Nude,"Calçados,Calçados Femininos,Sandálias,Sandália Salto Grosso","R$ 189,90","R$ 129,99","R$ 138,29",2x,Sandália Santa Lolla Tiras Nude,sandalia santa lolla tiras nude,sandalia santa lolla tiras nude
Jorge Bischoff,Marrom,Dafiti,Scarpin Feminino Jorge Bischoff Couro Marrom,"Calçados,Calçados Femininos,Scarpin","R$ 649,00","R$ 429,99","R$ 457,44",7x,Scarpin Feminino Jorge Bischoff Couro Marrom,scarpin feminino jorge bischoff couro marrom,scarpin feminino jorge bischoff couro marrom
Vizzano,Preto,Dafiti,Scarpin Feminino Vizzano Salto Médio Cor...,"Calçados,Calçados Femininos,Scarpin","R$ 219,90","R$ 159,99","R$ 170,20",2x,Scarpin Feminino Vizzano Salto Médio Cor...,scarpin feminino vizzano salto medio cor,scarpin feminino vizzano salto medio cor
Moleca,Nude,Dafiti,Chinelo Feminino Moleca Dedo Listrado Nude,"Calçados,Calçados Femininos,Chinelos","R$ 54,90","R$ 34,99","R$ 37,22",1x,Chinelo Feminino Moleca Dedo Listrado Nude,chinelo feminino moleca dedo listrado nude,chinelo feminino moleca dedo listrado nude
Arezzo,Marrom,Dafiti,Sandália Feminina Arezzo Salto Bloco Det...,"Calçados,Calçados Femininos,Sandálias,Sandália Salto Grosso","R$ 499,90","R$ 249,90","R$ 265,85",4x,Sandália Feminina Arezzo Salto Bloco Det...,sandalia feminina arezzo salto bloco det,sandalia feminina arezzo salto bloco det
Luiza Barcelos,Marrom,Dafiti,Bota Feminina Luiza Barcelos Cano Baixo Marrom,"Calçados,Calçados Femininos,Botas,Bota Cano Curto","R$ 699,90","R$ 657,90","R$ 699,89",10x,Bota Feminina Luiza Barcelos Cano Baixo Marrom,bota feminina luiza barcelos cano baixo marrom,bota feminina luiza barcelos cano baixo marrom
Santa Lolla,Caramelo,Dafiti,Scarpin Slingback Santa Lolla Color Caramelo,"Calçados,Calçados Femininos,Scarpin","R$ 289,90","R$ 159,99","R$ 170,20",2x,Scarpin Slingback Santa Lolla Color Caramelo,scarpin slingback santa lolla color caramelo,scarpin slingback santa lolla color caramelo
Beira Rio,Nude,Dafiti,Scarpin Beira Rio Boneca Nude,"Calçados,Calçados Femininos,Scarpin","R$ 139,90","R$ 109,99","R$ 117,01",1x,Scarpin Beira Rio Boneca Nude,scarpin beira rio boneca nude,scarpin beira rio boneca nude
Vicenza,Caramelo,Dafiti,Scarpin Slingback Vicenza Aplicação Caramelo,"Calçados,Calçados Femininos,Scarpin","R$ 865,00","R$ 459,99","R$ 489,35",8x,Scarpin Slingback Vicenza Aplicação Caramelo,scarpin slingback vicenza aplicacao caramelo,scarpin slingback vicenza aplicacao caramelo
Usaflex,Preto,Dafiti,Sapatilha Feminina Usaflex Couro Preta,"Calçados,Calçados Femininos,Sapatilhas,Sapatilha Bico Redondo","R$ 289,99","R$ 149,99","R$ 159,56",2x,Sapatilha Feminina Usaflex Couro Preta,sapatilha feminina usaflex couro preta,sapatilha feminina usaflex couro preta
Vizzano,Marrom,Dafiti,Rasteira Vizzano Animal Print Marrom,"Calçados,Calçados Femininos,Rasteirinhas","R$ 119,90","R$ 59,99","R$ 63,82",1x,Rasteira Vizzano Animal Print Marrom,rasteira vizzano animal print marrom,rasteira vizzano animal print marrom
Santa Lolla,Vermelho,Dafiti,Sapatilha Santa Lolla Aplicação Vermelha,"Calçados,Calçados Femininos,Sapatilhas,Sapatilha Bico Redondo","R$ 269,90","R$ 169,99","R$ 180,84",3x,Sapatilha Santa Lolla Aplicação Vermelha,sapatilha santa lolla aplicacao vermelha,sapatilha santa lolla aplicacao vermelha
VIA UNO,Preto,Dafiti,Mocassim Feminino Via Uno Detalhe Dourado Preto,"Calçados,Calçados Femininos,Mocassim","R$ 129,99","R$ 64,99","R$ 69,14",1x,Mocassim Feminino Via Uno Detalhe Dourado Preto,mocassim feminino via uno detalhe dourado preto,mocassim feminino via uno detalhe dourado preto
Santa Lolla,Marrom,Dafiti,Scarpin Feminino Santa Lolla Amarração Marrom,"Calçados,Calçados Femininos,Scarpin","R$ 249,90","R$ 169,99","R$ 180,84",3x,Scarpin Feminino Santa Lolla Amarração Marrom,scarpin feminino santa lolla amarracao marrom,scarpin feminino santa lolla amarracao marrom
